<?xml version="1.0"?>
<PropertySetDef xmlns:xsd="http://www.w3.org/2001/XMLSchema" xmlns:xsi="http://www.w3.org/2001/XMLSchema-instance" ifdguid="1ac9b180d1e411e1800000215ad4efdf" templatetype="PSET_PERFORMANCEDRIVEN" xsi:noNamespaceSchemaLocation="http://buildingSMART-tech.org/xml/psd/PSD_IFC4.xsd">
  <IfcVersion version="IFC4" />
  <Name>Pset_FanPHistory</Name>
  <Definition>Fan performance history attributes.
Sound attribute deleted in IFC2x2 Pset Addendum: Use IfcSoundProperties instead.</Definition>
  <Applicability />
  <ApplicableClasses>
    <ClassName>IfcFan</ClassName>
  </ApplicableClasses>
  <ApplicableTypeValue>IfcFan</ApplicableTypeValue>
  <PropertyDefs>
    <PropertyDef ifdguid="2026fc00d1e411e1800000215ad4efdf">
      <Name>FanRotationSpeed</Name>
      <Definition>Fan rotation speed.</Definition>
      <PropertyType>
        <TypePropertyReferenceValue reftype="IfcTimeSeries" />
      </PropertyType>
      <NameAliases>
        <NameAlias lang="en">Fan Rotation Speed</NameAlias>
        <NameAlias lang="ja-JP">回転速度</NameAlias>
      </NameAliases>
      <DefinitionAliases>
        <DefinitionAlias lang="en" />
        <DefinitionAlias lang="ja-JP">回転速度</DefinitionAlias>
      </DefinitionAliases>
    </PropertyDef>
    <PropertyDef ifdguid="23ba8300d1e411e1800000215ad4efdf">
      <Name>WheelTipSpeed</Name>
      <Definition>Fan blade tip speed, typically defined as the linear speed of the tip of the fan blade furthest from the shaft.</Definition>
      <PropertyType>
        <TypePropertyReferenceValue reftype="IfcTimeSeries" />
      </PropertyType>
      <NameAliases>
        <NameAlias lang="en">Wheel Tip Speed</NameAlias>
        <NameAlias lang="ja-JP">ホイール先端速度</NameAlias>
      </NameAliases>
      <DefinitionAliases>
        <DefinitionAlias lang="en" />
        <DefinitionAlias lang="ja-JP">ファンブレード先端速度
通常、軸から最も遠いファンブレードの先端の直線速度として定義されている</DefinitionAlias>
      </DefinitionAliases>
    </PropertyDef>
    <PropertyDef ifdguid="26b57380d1e411e1800000215ad4efdf">
      <Name>FanEfficiency</Name>
      <Definition>Fan mechanical efficiency.</Definition>
      <PropertyType>
        <TypePropertyReferenceValue reftype="IfcTimeSeries" />
      </PropertyType>
      <NameAliases>
        <NameAlias lang="en">Fan Efficiency</NameAlias>
        <NameAlias lang="ja-JP">Fan効率</NameAlias>
      </NameAliases>
      <DefinitionAliases>
        <DefinitionAlias lang="en" />
        <DefinitionAlias lang="ja-JP">ファン機械効率</DefinitionAlias>
      </DefinitionAliases>
    </PropertyDef>
    <PropertyDef ifdguid="29b06400d1e411e1800000215ad4efdf">
      <Name>OverallEfficiency</Name>
      <Definition>Total efficiency of motor and fan.</Definition>
      <PropertyType>
        <TypePropertyReferenceValue reftype="IfcTimeSeries" />
      </PropertyType>
      <NameAliases>
        <NameAlias lang="en">Overall Efficiency</NameAlias>
        <NameAlias lang="ja-JP">全体効率</NameAlias>
      </NameAliases>
      <DefinitionAliases>
        <DefinitionAlias lang="en" />
        <DefinitionAlias lang="ja-JP">モーターとファンの全体効率</DefinitionAlias>
      </DefinitionAliases>
    </PropertyDef>
    <PropertyDef ifdguid="2cab5480d1e411e1800000215ad4efdf">
      <Name>FanPowerRate</Name>
      <Definition>Fan power consumption.</Definition>
      <PropertyType>
        <TypePropertyReferenceValue reftype="IfcTimeSeries" />
      </PropertyType>
      <NameAliases>
        <NameAlias lang="en">Fan Power Rate</NameAlias>
        <NameAlias lang="ja-JP">Fan効率動力量</NameAlias>
      </NameAliases>
      <DefinitionAliases>
        <DefinitionAlias lang="en" />
        <DefinitionAlias lang="ja-JP">ファン消費電力</DefinitionAlias>
      </DefinitionAliases>
    </PropertyDef>
    <PropertyDef ifdguid="303edb80d1e411e1800000215ad4efdf">
      <Name>ShaftPowerRate</Name>
      <Definition>Fan shaft power.</Definition>
      <PropertyType>
        <TypePropertyReferenceValue reftype="IfcTimeSeries" />
      </PropertyType>
      <NameAliases>
        <NameAlias lang="en">Shaft Power Rate</NameAlias>
        <NameAlias lang="ja-JP">軸動力量</NameAlias>
      </NameAliases>
      <DefinitionAliases>
        <DefinitionAlias lang="en" />
        <DefinitionAlias lang="ja-JP">ファン軸動力</DefinitionAlias>
      </DefinitionAliases>
    </PropertyDef>
    <PropertyDef ifdguid="33d26280d1e411e1800000215ad4efdf">
      <Name>DischargeVelocity</Name>
      <Definition>The speed at which air discharges from the fan through the fan housing discharge opening.</Definition>
      <PropertyType>
        <TypePropertyReferenceValue reftype="IfcTimeSeries" />
      </PropertyType>
      <NameAliases>
        <NameAlias lang="en">Discharge Velocity</NameAlias>
        <NameAlias lang="ja-JP">吐出速度</NameAlias>
      </NameAliases>
      <DefinitionAliases>
        <DefinitionAlias lang="en" />
        <DefinitionAlias lang="ja-JP">ファン吐出口からの吐出風速</DefinitionAlias>
      </DefinitionAliases>
    </PropertyDef>
    <PropertyDef ifdguid="36cd5300d1e411e1800000215ad4efdf">
      <Name>DischargePressureLoss</Name>
      <Definition>Fan discharge pressure loss associated with the discharge arrangement.</Definition>
      <PropertyType>
        <TypePropertyReferenceValue reftype="IfcTimeSeries" />
      </PropertyType>
      <NameAliases>
        <NameAlias lang="en">Discharge Pressure Loss</NameAlias>
        <NameAlias lang="ja-JP">吐出圧力損失</NameAlias>
      </NameAliases>
      <DefinitionAliases>
        <DefinitionAlias lang="en" />
        <DefinitionAlias lang="ja-JP">吐出部に関連した吐出圧力損失</DefinitionAlias>
      </DefinitionAliases>
    </PropertyDef>
    <PropertyDef ifdguid="3a60da00d1e411e1800000215ad4efdf">
      <Name>DrivePowerLoss</Name>
      <Definition>Fan drive power losses associated with the type of connection between the motor and the fan wheel.</Definition>
      <PropertyType>
        <TypePropertyReferenceValue reftype="IfcTimeSeries" />
      </PropertyType>
      <NameAliases>
        <NameAlias lang="en">Drive Power Loss</NameAlias>
        <NameAlias lang="ja-JP">駆動電力損失</NameAlias>
      </NameAliases>
      <DefinitionAliases>
        <DefinitionAlias lang="en" />
        <DefinitionAlias lang="ja-JP">ファン駆動力損失は、モータとファンホイールとの間の接続の種類に関連付けられている。</DefinitionAlias>
      </DefinitionAliases>
    </PropertyDef>
  </PropertyDefs>
  <PsetDefinitionAliases>
    <PsetDefinitionAlias lang="en" />
    <PsetDefinitionAlias lang="ja-JP">Fan性能履歴属性
Sound属性はIFC2x2付録で削除された。： IfcSoundPropertiesを代わりに使う</PsetDefinitionAlias>
  </PsetDefinitionAliases>
</PropertySetDef>