<?xml version="1.0"?>
<PropertySetDef xmlns:xsd="http://www.w3.org/2001/XMLSchema" xmlns:xsi="http://www.w3.org/2001/XMLSchema-instance" ifdguid="f1148880d1eb11e1800000215ad4efdf" templatetype="PSET_TYPEDRIVENOVERRIDE" xsi:noNamespaceSchemaLocation="http://buildingSMART-tech.org/xml/psd/PSD_IFC4.xsd">
  <IfcVersion version="IFC4" />
  <Name>Pset_LightFixtureTypeSecurityLighting</Name>
  <Definition>Properties that characterize security lighting.</Definition>
  <Applicability />
  <ApplicableClasses>
    <ClassName>IfcLightFixture/SECURITYLIGHTING</ClassName>
  </ApplicableClasses>
  <ApplicableTypeValue>IfcLightFixture/SECURITYLIGHTING</ApplicableTypeValue>
  <PropertyDefs>
    <PropertyDef ifdguid="f5d93c80d1eb11e1800000215ad4efdf">
      <Name>SecurityLightingType</Name>
      <Definition>The type of security lighting.</Definition>
      <PropertyType>
        <TypePropertyEnumeratedValue>
          <EnumList name="PEnum_LightFixtureSecurityLightingType">
            <EnumItem>SAFETYLIGHT</EnumItem>
            <EnumItem>WARNINGLIGHT</EnumItem>
            <EnumItem>EMERGENCYEXITLIGHT</EnumItem>
            <EnumItem>BLUEILLUMINATION</EnumItem>
            <EnumItem>OTHER</EnumItem>
            <EnumItem>NOTKNOWN</EnumItem>
            <EnumItem>UNSET</EnumItem>
          </EnumList>
          <ConstantList>
            <ConstantDef>
              <Name>SAFETYLIGHT</Name>
              <NameAliases>
                <NameAlias lang="en">Safety Light</NameAlias>
              </NameAliases>
              <DefinitionAliases>
                <DefinitionAlias lang="en" />
              </DefinitionAliases>
            </ConstantDef>
            <ConstantDef>
              <Name>WARNINGLIGHT</Name>
              <NameAliases>
                <NameAlias lang="en">Warning Light</NameAlias>
              </NameAliases>
              <DefinitionAliases>
                <DefinitionAlias lang="en" />
              </DefinitionAliases>
            </ConstantDef>
            <ConstantDef>
              <Name>EMERGENCYEXITLIGHT</Name>
              <NameAliases>
                <NameAlias lang="en">Emergency Exit Light</NameAlias>
              </NameAliases>
              <DefinitionAliases>
                <DefinitionAlias lang="en" />
              </DefinitionAliases>
            </ConstantDef>
            <ConstantDef>
              <Name>BLUEILLUMINATION</Name>
              <NameAliases>
                <NameAlias lang="en">Blue Illumination</NameAlias>
              </NameAliases>
              <DefinitionAliases>
                <DefinitionAlias lang="en" />
              </DefinitionAliases>
            </ConstantDef>
            <ConstantDef>
              <Name>OTHER</Name>
              <NameAliases>
                <NameAlias lang="en">(other)</NameAlias>
              </NameAliases>
              <DefinitionAliases>
                <DefinitionAlias lang="en">Value is not listed.</DefinitionAlias>
              </DefinitionAliases>
            </ConstantDef>
            <ConstantDef>
              <Name>NOTKNOWN</Name>
              <NameAliases>
                <NameAlias lang="en">(unknown)</NameAlias>
              </NameAliases>
              <DefinitionAliases>
                <DefinitionAlias lang="en">Value is unknown.</DefinitionAlias>
              </DefinitionAliases>
            </ConstantDef>
            <ConstantDef>
              <Name>UNSET</Name>
              <NameAliases>
                <NameAlias lang="en">(unset)</NameAlias>
              </NameAliases>
              <DefinitionAliases>
                <DefinitionAlias lang="en">Value has not been specified.</DefinitionAlias>
              </DefinitionAliases>
            </ConstantDef>
          </ConstantList>
        </TypePropertyEnumeratedValue>
      </PropertyType>
      <NameAliases>
        <NameAlias lang="en">Security Lighting Type</NameAlias>
        <NameAlias lang="ja-JP">防犯灯</NameAlias>
        <NameAlias lang="ko-KR">방범등</NameAlias>
      </NameAliases>
      <DefinitionAliases>
        <DefinitionAlias lang="en" />
        <DefinitionAlias lang="ja-JP">防犯灯のタイプ。</DefinitionAlias>
        <DefinitionAlias lang="ko-KR">방범등 유형</DefinitionAlias>
      </DefinitionAliases>
    </PropertyDef>
    <PropertyDef ifdguid="05588580d1ec11e1800000215ad4efdf">
      <Name>FixtureHeight</Name>
      <Definition>The height of the fixture, such as the text height of an exit sign.</Definition>
      <PropertyType>
        <TypePropertySingleValue>
          <DataType type="IfcPositiveLengthMeasure" />
        </TypePropertySingleValue>
      </PropertyType>
      <NameAliases>
        <NameAlias lang="en">Fixture Height</NameAlias>
        <NameAlias lang="ja-JP">器具の高さ</NameAlias>
        <NameAlias lang="ko-KR">기구의 높이</NameAlias>
      </NameAliases>
      <DefinitionAliases>
        <DefinitionAlias lang="en" />
        <DefinitionAlias lang="ja-JP">出口標識などの器具の高さ。</DefinitionAlias>
        <DefinitionAlias lang="ko-KR">출구 표지판 등의기구의 높이</DefinitionAlias>
      </DefinitionAliases>
    </PropertyDef>
    <PropertyDef ifdguid="0d182a00d1ec11e1800000215ad4efdf">
      <Name>SelfTestFunction</Name>
      <Definition>The type of self test function.</Definition>
      <PropertyType>
        <TypePropertyEnumeratedValue>
          <EnumList name="PEnum_SelfTestType">
            <EnumItem>CENTRAL</EnumItem>
            <EnumItem>LOCAL</EnumItem>
            <EnumItem>NONE</EnumItem>
            <EnumItem>OTHER</EnumItem>
            <EnumItem>NOTKNOWN</EnumItem>
            <EnumItem>UNSET</EnumItem>
          </EnumList>
          <ConstantList>
            <ConstantDef>
              <Name>CENTRAL</Name>
              <NameAliases>
                <NameAlias lang="en">Central</NameAlias>
              </NameAliases>
              <DefinitionAliases>
                <DefinitionAlias lang="en" />
              </DefinitionAliases>
            </ConstantDef>
            <ConstantDef>
              <Name>LOCAL</Name>
              <NameAliases>
                <NameAlias lang="en">Local</NameAlias>
              </NameAliases>
              <DefinitionAliases>
                <DefinitionAlias lang="en" />
              </DefinitionAliases>
            </ConstantDef>
            <ConstantDef>
              <Name>NONE</Name>
              <NameAliases>
                <NameAlias lang="en">None</NameAlias>
              </NameAliases>
              <DefinitionAliases>
                <DefinitionAlias lang="en" />
              </DefinitionAliases>
            </ConstantDef>
            <ConstantDef>
              <Name>OTHER</Name>
              <NameAliases>
                <NameAlias lang="en">(other)</NameAlias>
              </NameAliases>
              <DefinitionAliases>
                <DefinitionAlias lang="en">Value is not listed.</DefinitionAlias>
              </DefinitionAliases>
            </ConstantDef>
            <ConstantDef>
              <Name>NOTKNOWN</Name>
              <NameAliases>
                <NameAlias lang="en">(unknown)</NameAlias>
              </NameAliases>
              <DefinitionAliases>
                <DefinitionAlias lang="en">Value is unknown.</DefinitionAlias>
              </DefinitionAliases>
            </ConstantDef>
            <ConstantDef>
              <Name>UNSET</Name>
              <NameAliases>
                <NameAlias lang="en">(unset)</NameAlias>
              </NameAliases>
              <DefinitionAliases>
                <DefinitionAlias lang="en">Value has not been specified.</DefinitionAlias>
              </DefinitionAliases>
            </ConstantDef>
          </ConstantList>
        </TypePropertyEnumeratedValue>
      </PropertyType>
      <NameAliases>
        <NameAlias lang="en">Self Test Function</NameAlias>
        <NameAlias lang="ja-JP">自己診断機能</NameAlias>
        <NameAlias lang="ko-KR">자기 진단 기능</NameAlias>
      </NameAliases>
      <DefinitionAliases>
        <DefinitionAlias lang="en" />
        <DefinitionAlias lang="ja-JP">自己診断機能のタイプ。</DefinitionAlias>
        <DefinitionAlias lang="ko-KR">자기 진단 기능의 유형</DefinitionAlias>
      </DefinitionAliases>
    </PropertyDef>
    <PropertyDef ifdguid="1a351900d1ec11e1800000215ad4efdf">
      <Name>BackupSupplySystem</Name>
      <Definition>The type of backup supply system.</Definition>
      <PropertyType>
        <TypePropertyEnumeratedValue>
          <EnumList name="PEnum_BackupSupplySystemType">
            <EnumItem>LOCALBATTERY</EnumItem>
            <EnumItem>CENTRALBATTERY</EnumItem>
            <EnumItem>OTHER</EnumItem>
            <EnumItem>NOTKNOWN</EnumItem>
            <EnumItem>UNSET</EnumItem>
          </EnumList>
          <ConstantList>
            <ConstantDef>
              <Name>LOCALBATTERY</Name>
              <NameAliases>
                <NameAlias lang="en">Local Battery</NameAlias>
              </NameAliases>
              <DefinitionAliases>
                <DefinitionAlias lang="en" />
              </DefinitionAliases>
            </ConstantDef>
            <ConstantDef>
              <Name>CENTRALBATTERY</Name>
              <NameAliases>
                <NameAlias lang="en">Central Battery</NameAlias>
              </NameAliases>
              <DefinitionAliases>
                <DefinitionAlias lang="en" />
              </DefinitionAliases>
            </ConstantDef>
            <ConstantDef>
              <Name>OTHER</Name>
              <NameAliases>
                <NameAlias lang="en">(other)</NameAlias>
              </NameAliases>
              <DefinitionAliases>
                <DefinitionAlias lang="en">Value is not listed.</DefinitionAlias>
              </DefinitionAliases>
            </ConstantDef>
            <ConstantDef>
              <Name>NOTKNOWN</Name>
              <NameAliases>
                <NameAlias lang="en">(unknown)</NameAlias>
              </NameAliases>
              <DefinitionAliases>
                <DefinitionAlias lang="en">Value is unknown.</DefinitionAlias>
              </DefinitionAliases>
            </ConstantDef>
            <ConstantDef>
              <Name>UNSET</Name>
              <NameAliases>
                <NameAlias lang="en">(unset)</NameAlias>
              </NameAliases>
              <DefinitionAliases>
                <DefinitionAlias lang="en">Value has not been specified.</DefinitionAlias>
              </DefinitionAliases>
            </ConstantDef>
          </ConstantList>
        </TypePropertyEnumeratedValue>
      </PropertyType>
      <NameAliases>
        <NameAlias lang="en">Backup Supply System</NameAlias>
        <NameAlias lang="ja-JP">電源バックアップシステム</NameAlias>
        <NameAlias lang="ko-KR">전원백업 시스템</NameAlias>
      </NameAliases>
      <DefinitionAliases>
        <DefinitionAlias lang="en" />
        <DefinitionAlias lang="ja-JP">電源バックアップシステムのタイプ。</DefinitionAlias>
        <DefinitionAlias lang="ko-KR">전원 백업 시스템 유형</DefinitionAlias>
      </DefinitionAliases>
    </PropertyDef>
    <PropertyDef ifdguid="28833500d1ec11e1800000215ad4efdf">
      <Name>PictogramEscapeDirection</Name>
      <Definition>The direction of escape pictogram.</Definition>
      <PropertyType>
        <TypePropertyEnumeratedValue>
          <EnumList name="PEnum_PictogramEscapeDirectionType">
            <EnumItem>RIGHTARROW</EnumItem>
            <EnumItem>LEFTARROW</EnumItem>
            <EnumItem>DOWNARROW</EnumItem>
            <EnumItem>UPARROW</EnumItem>
            <EnumItem>OTHER</EnumItem>
            <EnumItem>NOTKNOWN</EnumItem>
            <EnumItem>UNSET</EnumItem>
          </EnumList>
          <ConstantList>
            <ConstantDef>
              <Name>RIGHTARROW</Name>
              <NameAliases>
                <NameAlias lang="en">Right Arrow</NameAlias>
              </NameAliases>
              <DefinitionAliases>
                <DefinitionAlias lang="en" />
              </DefinitionAliases>
            </ConstantDef>
            <ConstantDef>
              <Name>LEFTARROW</Name>
              <NameAliases>
                <NameAlias lang="en">Left Arrow</NameAlias>
              </NameAliases>
              <DefinitionAliases>
                <DefinitionAlias lang="en" />
              </DefinitionAliases>
            </ConstantDef>
            <ConstantDef>
              <Name>DOWNARROW</Name>
              <NameAliases>
                <NameAlias lang="en">Down Arrow</NameAlias>
              </NameAliases>
              <DefinitionAliases>
                <DefinitionAlias lang="en" />
              </DefinitionAliases>
            </ConstantDef>
            <ConstantDef>
              <Name>UPARROW</Name>
              <NameAliases>
                <NameAlias lang="en">Up Arrow</NameAlias>
              </NameAliases>
              <DefinitionAliases>
                <DefinitionAlias lang="en" />
              </DefinitionAliases>
            </ConstantDef>
            <ConstantDef>
              <Name>OTHER</Name>
              <NameAliases>
                <NameAlias lang="en">(other)</NameAlias>
              </NameAliases>
              <DefinitionAliases>
                <DefinitionAlias lang="en">Value is not listed.</DefinitionAlias>
              </DefinitionAliases>
            </ConstantDef>
            <ConstantDef>
              <Name>NOTKNOWN</Name>
              <NameAliases>
                <NameAlias lang="en">(unknown)</NameAlias>
              </NameAliases>
              <DefinitionAliases>
                <DefinitionAlias lang="en">Value is unknown.</DefinitionAlias>
              </DefinitionAliases>
            </ConstantDef>
            <ConstantDef>
              <Name>UNSET</Name>
              <NameAliases>
                <NameAlias lang="en">(unset)</NameAlias>
              </NameAliases>
              <DefinitionAliases>
                <DefinitionAlias lang="en">Value has not been specified.</DefinitionAlias>
              </DefinitionAliases>
            </ConstantDef>
          </ConstantList>
        </TypePropertyEnumeratedValue>
      </PropertyType>
      <NameAliases>
        <NameAlias lang="en">Pictogram Escape Direction</NameAlias>
        <NameAlias lang="ja-JP">避難標識の向き</NameAlias>
        <NameAlias lang="ko-KR">피난 표지판 방향</NameAlias>
      </NameAliases>
      <DefinitionAliases>
        <DefinitionAlias lang="en" />
        <DefinitionAlias lang="ja-JP">避難標識の向き。</DefinitionAlias>
        <DefinitionAlias lang="ko-KR">피난 표지판 방향</DefinitionAlias>
      </DefinitionAliases>
    </PropertyDef>
    <PropertyDef ifdguid="35a02400d1ec11e1800000215ad4efdf">
      <Name>Addressablility</Name>
      <Definition>The type of addressability.</Definition>
      <PropertyType>
        <TypePropertyEnumeratedValue>
          <EnumList name="PEnum_AddressabilityType">
            <EnumItem>IMPLEMENTED</EnumItem>
            <EnumItem>UPGRADEABLETO</EnumItem>
            <EnumItem>NOTIMPLEMENTED</EnumItem>
            <EnumItem>OTHER</EnumItem>
            <EnumItem>NOTKNOWN</EnumItem>
            <EnumItem>UNSET</EnumItem>
          </EnumList>
          <ConstantList>
            <ConstantDef>
              <Name>IMPLEMENTED</Name>
              <NameAliases>
                <NameAlias lang="en">Implemented</NameAlias>
              </NameAliases>
              <DefinitionAliases>
                <DefinitionAlias lang="en" />
              </DefinitionAliases>
            </ConstantDef>
            <ConstantDef>
              <Name>UPGRADEABLETO</Name>
              <NameAliases>
                <NameAlias lang="en">Upgradeable To</NameAlias>
              </NameAliases>
              <DefinitionAliases>
                <DefinitionAlias lang="en" />
              </DefinitionAliases>
            </ConstantDef>
            <ConstantDef>
              <Name>NOTIMPLEMENTED</Name>
              <NameAliases>
                <NameAlias lang="en">Not Implemented</NameAlias>
              </NameAliases>
              <DefinitionAliases>
                <DefinitionAlias lang="en" />
              </DefinitionAliases>
            </ConstantDef>
            <ConstantDef>
              <Name>OTHER</Name>
              <NameAliases>
                <NameAlias lang="en">(other)</NameAlias>
              </NameAliases>
              <DefinitionAliases>
                <DefinitionAlias lang="en">Value is not listed.</DefinitionAlias>
              </DefinitionAliases>
            </ConstantDef>
            <ConstantDef>
              <Name>NOTKNOWN</Name>
              <NameAliases>
                <NameAlias lang="en">(unknown)</NameAlias>
              </NameAliases>
              <DefinitionAliases>
                <DefinitionAlias lang="en">Value is unknown.</DefinitionAlias>
              </DefinitionAliases>
            </ConstantDef>
            <ConstantDef>
              <Name>UNSET</Name>
              <NameAliases>
                <NameAlias lang="en">(unset)</NameAlias>
              </NameAliases>
              <DefinitionAliases>
                <DefinitionAlias lang="en">Value has not been specified.</DefinitionAlias>
              </DefinitionAliases>
            </ConstantDef>
          </ConstantList>
        </TypePropertyEnumeratedValue>
      </PropertyType>
      <NameAliases>
        <NameAlias lang="en">Addressablility</NameAlias>
        <NameAlias lang="ja-JP">アドレス指定能力</NameAlias>
        <NameAlias lang="ko-KR">주소 지정 능력</NameAlias>
      </NameAliases>
      <DefinitionAliases>
        <DefinitionAlias lang="en" />
        <DefinitionAlias lang="ja-JP">アドレス指定能力のタイプ。</DefinitionAlias>
        <DefinitionAlias lang="ko-KR">주소 지정 능력 타입</DefinitionAlias>
      </DefinitionAliases>
    </PropertyDef>
  </PropertyDefs>
  <PsetDefinitionAliases>
    <PsetDefinitionAlias lang="en" />
    <PsetDefinitionAlias lang="ja-JP">防犯灯の特徴プロパティ。</PsetDefinitionAlias>
  </PsetDefinitionAliases>
</PropertySetDef>