<?xml version="1.0"?>
<PropertySetDef xmlns:xsd="http://www.w3.org/2001/XMLSchema" xmlns:xsi="http://www.w3.org/2001/XMLSchema-instance" ifdguid="7769a400d1c511e1800000215ad4efdf" templatetype="PSET_TYPEDRIVENOVERRIDE" xsi:noNamespaceSchemaLocation="http://buildingSMART-tech.org/xml/psd/PSD_IFC4.xsd">
  <IfcVersion version="IFC4" />
  <Name>Pset_BuildingStoreyCommon</Name>
  <Definition>Properties common to the definition of all instances of IfcBuildingStorey. Please note that several building attributes are handled directly at the IfcBuildingStorey instance, the building storey number (or short name) by IfcBuildingStorey.Name, the building storey name (or long name) by IfcBuildingStorey.LongName, and the description (or comments) by IfcBuildingStorey.Description. Actual building storey quantities, like building storey perimeter, building storey area and building storey volume are provided by IfcElementQuantity, and the building storey classification according to national building code by IfcClassificationReference.</Definition>
  <Applicability />
  <ApplicableClasses>
    <ClassName>IfcBuildingStorey</ClassName>
  </ApplicableClasses>
  <ApplicableTypeValue>IfcBuildingStorey</ApplicableTypeValue>
  <PropertyDefs>
    <PropertyDef ifdguid="7d5f8500d1c511e1800000215ad4efdf">
      <Name>Reference</Name>
      <Definition>Reference ID for this specified type in this project (e.g. type 'A-1'). Used to store the non-classification driven internal project type.</Definition>
      <PropertyType>
        <TypePropertySingleValue>
          <DataType type="IfcIdentifier" />
        </TypePropertySingleValue>
      </PropertyType>
      <NameAliases>
        <NameAlias lang="de-DE">Referenz ID</NameAlias>
        <NameAlias lang="en">Reference</NameAlias>
        <NameAlias lang="fr-FR">Reference</NameAlias>
        <NameAlias lang="ja-JP">参照記号</NameAlias>
        <NameAlias lang="ko-KR">참조 ID</NameAlias>
      </NameAliases>
      <DefinitionAliases>
        <DefinitionAlias lang="de-DE">Identifikator der projektinternen Referenz für dieses Geschoss, z.B. nach der Geschossklassifizierung des Bauherrn. Wird verwendet, wenn keine allgemein anerkanntes Klassifizierungssystem angewandt wird.</DefinitionAlias>
        <DefinitionAlias lang="en" />
        <DefinitionAlias lang="fr-FR">Référence à l'identifiant d'un type spécifié dans le contexte du projet (exemple : "type A1"). Utilisé pour enregistrer un type sans recourir à une classification.</DefinitionAlias>
        <DefinitionAlias lang="ja-JP">このプロジェクトにおける参照記号(例：A-1)。分類コードではなく内部で使用されるプロジェクトタイプとして使用されるもの。</DefinitionAlias>
        <DefinitionAlias lang="ko-KR">이 프로젝트의 참조 ID (예 : A-1). 분류 코드가 아닌 내부에서 사용되는 프로젝트 형식으로 사용됩니다.</DefinitionAlias>
      </DefinitionAliases>
    </PropertyDef>
    <PropertyDef ifdguid="82bccf80d1c511e1800000215ad4efdf">
      <Name>EntranceLevel</Name>
      <Definition>Indication whether this building storey is an entrance level to the building (TRUE), or (FALSE) if otherwise.</Definition>
      <PropertyType>
        <TypePropertySingleValue>
          <DataType type="IfcBoolean" />
        </TypePropertySingleValue>
      </PropertyType>
      <NameAliases>
        <NameAlias lang="de-DE">Eingangsebene</NameAlias>
        <NameAlias lang="en">Entrance Level</NameAlias>
        <NameAlias lang="fr-FR">NiveauEntrée</NameAlias>
        <NameAlias lang="ja-JP">エントランスレベル</NameAlias>
        <NameAlias lang="ko-KR">입구 레벨</NameAlias>
      </NameAliases>
      <DefinitionAliases>
        <DefinitionAlias lang="de-DE">Angabe, ob der Gebäudeeingang sich in diesem Geschoss befinded (WAHR), oder nicht (FALSCH).</DefinitionAlias>
        <DefinitionAlias lang="en" />
        <DefinitionAlias lang="fr-FR">Indication si l'étage est au niveau d'une entrée (VRAI) ou non (FAUX)</DefinitionAlias>
        <DefinitionAlias lang="ja-JP">エントランスレベルかどうかを示すブーリアン値。</DefinitionAlias>
        <DefinitionAlias lang="ko-KR">입구 레벨 여부를 나타내는 값</DefinitionAlias>
      </DefinitionAliases>
    </PropertyDef>
    <PropertyDef ifdguid="89e3dd80d1c511e1800000215ad4efdf">
      <Name>AboveGround</Name>
      <Definition>Indication whether this building storey is fully above ground (TRUE), or below ground (FALSE), or partially above and below ground (UNKNOWN) - as in sloped terrain.</Definition>
      <PropertyType>
        <TypePropertySingleValue>
          <DataType type="IfcLogical" />
        </TypePropertySingleValue>
      </PropertyType>
      <NameAliases>
        <NameAlias lang="de-DE">Oberirdisches Geschoss</NameAlias>
        <NameAlias lang="en">Above Ground</NameAlias>
        <NameAlias lang="fr-FR">AuDessusSol</NameAlias>
        <NameAlias lang="ja-JP">地上判別</NameAlias>
        <NameAlias lang="ko-KR">지상 여부</NameAlias>
      </NameAliases>
      <DefinitionAliases>
        <DefinitionAlias lang="de-DE">Angabe, ob dieses Geschoss vollständig überhalb oberirdisch ist (WAHR), vollständig unterirdisch (FALSCH), oder teilweise unter- und überirdisch (UNKNOWN).</DefinitionAlias>
        <DefinitionAlias lang="en" />
        <DefinitionAlias lang="fr-FR">Indication si l'étage est complètement au dessus du niveau du sol (VRAI), au dessous du niveau du sol (FAUX) ou partiellement enterré (INCONNU) comme dans le cas d'un terrain en pente.</DefinitionAlias>
        <DefinitionAlias lang="ja-JP">この建物階が地上(TRUE)、地下(FALSE)、一部が地下部分(UNKOWN)かどうかを示すロジカル値。</DefinitionAlias>
        <DefinitionAlias lang="ko-KR">이 건물 층이 지상 (TRUE), 지하 (FALSE), 일부 지하 부분 (UNKOWN) 여부를 나타내는 논리 값.</DefinitionAlias>
      </DefinitionAliases>
    </PropertyDef>
    <PropertyDef ifdguid="90725500d1c511e1800000215ad4efdf">
      <Name>SprinklerProtection</Name>
      <Definition>Indication whether this object is sprinkler protected (TRUE) or not (FALSE).</Definition>
      <PropertyType>
        <TypePropertySingleValue>
          <DataType type="IfcBoolean" />
        </TypePropertySingleValue>
      </PropertyType>
      <NameAliases>
        <NameAlias lang="de-DE">Sprinklerschutz</NameAlias>
        <NameAlias lang="en">Sprinkler Protection</NameAlias>
        <NameAlias lang="fr-FR">ProtectionParSprinkler</NameAlias>
        <NameAlias lang="ja-JP">スプリンクラー防御</NameAlias>
        <NameAlias lang="ko-KR">스프링 클러 방어</NameAlias>
      </NameAliases>
      <DefinitionAliases>
        <DefinitionAlias lang="de-DE">Angabe, ob des Geschoss durch eine Sprinkleranlage geschützt wird (WAHR) oder nicht (FALSCH).</DefinitionAlias>
        <DefinitionAlias lang="en" />
        <DefinitionAlias lang="fr-FR">Indication selon laquelle ce bâtimentbénéficie d'une protection par sprinkler (VRAI) ou non (FAUX)</DefinitionAlias>
        <DefinitionAlias lang="ja-JP">スプリンクラー設備の有無を示すブーリアン値。</DefinitionAlias>
        <DefinitionAlias lang="ko-KR">스프링 클러 설비의 유무를 나타내는 값</DefinitionAlias>
      </DefinitionAliases>
    </PropertyDef>
    <PropertyDef ifdguid="95cf9f80d1c511e1800000215ad4efdf">
      <Name>SprinklerProtectionAutomatic</Name>
      <Definition>Indication whether this object has an automatic sprinkler protection (TRUE) or not (FALSE).
It should only be given, if the property "SprinklerProtection" is set to TRUE.</Definition>
      <PropertyType>
        <TypePropertySingleValue>
          <DataType type="IfcBoolean" />
        </TypePropertySingleValue>
      </PropertyType>
      <NameAliases>
        <NameAlias lang="de-DE">Sprinklerschutz automatisch</NameAlias>
        <NameAlias lang="en">Sprinkler Protection Automatic</NameAlias>
        <NameAlias lang="fr-FR">ProtectionAutomatiqueParSprinkler</NameAlias>
        <NameAlias lang="ja-JP">スプリンクラー防御自動区分</NameAlias>
        <NameAlias lang="ko-KR">스프링 클러 방어 자동 구분</NameAlias>
      </NameAliases>
      <DefinitionAliases>
        <DefinitionAlias lang="de-DE">Angabe, ob das Geschoss durch eine automatische Sprinkleranlage geschützt wird (WAHR) oder nicht (FALSCH).</DefinitionAlias>
        <DefinitionAlias lang="en" />
        <DefinitionAlias lang="fr-FR">Indication selon laquelle ce bâtiment bénéficie d'une protection automatique par sprinkler (VRAI) ou non (FAUX). Indication à ne fournir que si la propriété "SprinklerProtection" est cochée "VRAI".</DefinitionAlias>
        <DefinitionAlias lang="ja-JP">スプリンクラー設備が自動かどうか示すブーリアン値。</DefinitionAlias>
        <DefinitionAlias lang="ko-KR">스프링 클러 설비가 자동 여부를 나타내는 값</DefinitionAlias>
      </DefinitionAliases>
    </PropertyDef>
    <PropertyDef ifdguid="9b2cea00d1c511e1800000215ad4efdf">
      <Name>LoadBearingCapacity</Name>
      <Definition>Maximum load bearing capacity of the floor structure throughtout the storey as designed.</Definition>
      <PropertyType>
        <TypePropertySingleValue>
          <DataType type="IfcPlanarForceMeasure" />
        </TypePropertySingleValue>
      </PropertyType>
      <NameAliases>
        <NameAlias lang="de-DE">Deckentragfähigkeit</NameAlias>
        <NameAlias lang="en">Load Bearing Capacity</NameAlias>
        <NameAlias lang="fr-FR">Capacité porteuse</NameAlias>
      </NameAliases>
      <DefinitionAliases>
        <DefinitionAlias lang="de-DE">Maximale Deckentragfähigkeit in diesem Geschoss.</DefinitionAlias>
        <DefinitionAlias lang="en" />
        <DefinitionAlias lang="fr-FR">Capacité porteuse maximale de la structure du plancher tel que conçu pour cet étage.</DefinitionAlias>
      </DefinitionAliases>
    </PropertyDef>
    <PropertyDef ifdguid="a08a3480d1c511e1800000215ad4efdf">
      <Name>GrossPlannedArea</Name>
      <Definition>Total planned area for the building storey. Used for programming the building storey.</Definition>
      <PropertyType>
        <TypePropertySingleValue>
          <DataType type="IfcAreaMeasure" />
        </TypePropertySingleValue>
      </PropertyType>
      <NameAliases>
        <NameAlias lang="de-DE">Bruttofläche nach Raumprogramm</NameAlias>
        <NameAlias lang="en">Gross Planned Area</NameAlias>
        <NameAlias lang="fr-FR">Surface programmée brute</NameAlias>
        <NameAlias lang="ja-JP">計画グロス面積</NameAlias>
        <NameAlias lang="ko-KR">계획 그로스 면적</NameAlias>
      </NameAliases>
      <DefinitionAliases>
        <DefinitionAlias lang="de-DE">Geforderte Bruttofläche des Geschosses laut Raumprogramm.</DefinitionAlias>
        <DefinitionAlias lang="en" />
        <DefinitionAlias lang="fr-FR">Surface programmée brute totale de l'étage. Telle que définie lors de la programmation.</DefinitionAlias>
        <DefinitionAlias lang="ja-JP">計画された建物階のグロス面積。建物計画に際に使用。</DefinitionAlias>
        <DefinitionAlias lang="ko-KR">계획된 건물 층 그로스 면적. 건물 계획시 사용됩니다.</DefinitionAlias>
      </DefinitionAliases>
    </PropertyDef>
    <PropertyDef ifdguid="a5e77f00d1c511e1800000215ad4efdf">
      <Name>NetPlannedArea</Name>
      <Definition>Total planned net area for the building storey. Used for programming the building storey.</Definition>
      <PropertyType>
        <TypePropertySingleValue>
          <DataType type="IfcAreaMeasure" />
        </TypePropertySingleValue>
      </PropertyType>
      <NameAliases>
        <NameAlias lang="de-DE">Nettofläche nach Raumprogramm</NameAlias>
        <NameAlias lang="en">Net Planned Area</NameAlias>
        <NameAlias lang="fr-FR">Surface programmée nette</NameAlias>
        <NameAlias lang="ja-JP">計画ネット面積</NameAlias>
        <NameAlias lang="ko-KR">계획 인터넷 면적</NameAlias>
      </NameAliases>
      <DefinitionAliases>
        <DefinitionAlias lang="de-DE">Geforderte Nettofläche des Geschosses laut Raumprogramm.</DefinitionAlias>
        <DefinitionAlias lang="en" />
        <DefinitionAlias lang="fr-FR">Surface programmée nette totale de l'étage. Telle que définie lors de la programmation.</DefinitionAlias>
        <DefinitionAlias lang="ja-JP">計画された建物階のネット面積。建物計画の際に使用。</DefinitionAlias>
        <DefinitionAlias lang="ko-KR">계획된 건물 층 인터넷 공간이 있습니다. 건물 계획시 사용됩니다.</DefinitionAlias>
      </DefinitionAliases>
    </PropertyDef>
  </PropertyDefs>
  <PsetDefinitionAliases>
    <PsetDefinitionAlias lang="de-DE">Property Set Definition in German</PsetDefinitionAlias>
    <PsetDefinitionAlias lang="en" />
    <PsetDefinitionAlias lang="fr-FR">Définition de l'IAI : propriétés communes à la définition de toutes les instances de IfcBuildingStorey. Veuillez noter que plusieurs attributs sont portés par l'instance IfcBuildingStorey : le numéro de l'étage ou nom court (IfcBuildingStorey.Name), le nom ou nom long (IfcBuildingStorey.LongName), et la description ou des commentaires (IfcBuildingStorey.Description). Les quantités réelles de l'étage comme le périmètre, la superficie et le volume sont fournis par des instances de IfcElementQuantity et la référence à une classification nationale par IfcClassificationReference.</PsetDefinitionAlias>
    <PsetDefinitionAlias lang="ja-JP">IfcBuildinStorey(建物階)に関するプロパティセット定義。建物階ナンバーはIfcBuildingStorey.Name、建物階名称はIfcBuildingStorey.LongName、建物階に関する記述はIfcBuildingStorey.Descriptionで設定する。実際の建物階に関する数量、例えば建物階周囲長、建物階面積、建物階体積等はIfcElementQuantitiesで設定する。また、建築基準法の建物階分類に関しては、IfcClassificationReferenceで設定する。</PsetDefinitionAlias>
  </PsetDefinitionAliases>
</PropertySetDef>