<?xml version="1.0"?>
<PropertySetDef xmlns:xsd="http://www.w3.org/2001/XMLSchema" xmlns:xsi="http://www.w3.org/2001/XMLSchema-instance" ifdguid="86148300d1e611e1800000215ad4efdf" templatetype="PSET_TYPEDRIVENOVERRIDE" xsi:noNamespaceSchemaLocation="http://buildingSMART-tech.org/xml/psd/PSD_IFC4.xsd">
  <IfcVersion version="IFC4" />
  <Name>Pset_FireSuppressionTerminalTypeFireHydrant</Name>
  <Definition>Device, fitted to a pipe, through which a temporary supply of water may be provided (BS6100 330 6107)

For further details on fire hydrants, see www.firehydrant.org</Definition>
  <Applicability />
  <ApplicableClasses>
    <ClassName>IfcFireSuppressionTerminal/FIREHYDRANT</ClassName>
  </ApplicableClasses>
  <ApplicableTypeValue>IfcFireSuppressionTerminal/FIREHYDRANT</ApplicableTypeValue>
  <PropertyDefs>
    <PropertyDef ifdguid="8a40a080d1e611e1800000215ad4efdf">
      <Name>FireHydrantType</Name>
      <Definition>Defines the range of hydrant types from which the required type can be selected where.

DryBarrel:	 A hydrant that has isolating valves fitted below ground and that may be used where the possibility of water freezing is a consideration.
WetBarrel:	 A hydrant that has isolating valves fitted above ground and that may be used where there is no possibility of water freezing.</Definition>
      <PropertyType>
        <TypePropertyEnumeratedValue>
          <EnumList name="PEnum_FireHydrantType">
            <EnumItem>DRYBARREL</EnumItem>
            <EnumItem>WETBARREL</EnumItem>
            <EnumItem>OTHER</EnumItem>
            <EnumItem>NOTKNOWN</EnumItem>
            <EnumItem>UNSET</EnumItem>
          </EnumList>
          <ConstantList>
            <ConstantDef>
              <Name>DRYBARREL</Name>
              <NameAliases>
                <NameAlias lang="en">Dry Barrel</NameAlias>
              </NameAliases>
              <DefinitionAliases>
                <DefinitionAlias lang="en" />
              </DefinitionAliases>
            </ConstantDef>
            <ConstantDef>
              <Name>WETBARREL</Name>
              <NameAliases>
                <NameAlias lang="en">Wet Barrel</NameAlias>
              </NameAliases>
              <DefinitionAliases>
                <DefinitionAlias lang="en" />
              </DefinitionAliases>
            </ConstantDef>
            <ConstantDef>
              <Name>OTHER</Name>
              <NameAliases>
                <NameAlias lang="en">(other)</NameAlias>
              </NameAliases>
              <DefinitionAliases>
                <DefinitionAlias lang="en">Value is not listed.</DefinitionAlias>
              </DefinitionAliases>
            </ConstantDef>
            <ConstantDef>
              <Name>NOTKNOWN</Name>
              <NameAliases>
                <NameAlias lang="en">(unknown)</NameAlias>
              </NameAliases>
              <DefinitionAliases>
                <DefinitionAlias lang="en">Value is unknown.</DefinitionAlias>
              </DefinitionAliases>
            </ConstantDef>
            <ConstantDef>
              <Name>UNSET</Name>
              <NameAliases>
                <NameAlias lang="en">(unset)</NameAlias>
              </NameAliases>
              <DefinitionAliases>
                <DefinitionAlias lang="en">Value has not been specified.</DefinitionAlias>
              </DefinitionAliases>
            </ConstantDef>
          </ConstantList>
        </TypePropertyEnumeratedValue>
      </PropertyType>
      <NameAliases>
        <NameAlias lang="en">Fire Hydrant Type</NameAlias>
        <NameAlias lang="ja-JP">消火栓のタイプ</NameAlias>
      </NameAliases>
      <DefinitionAliases>
        <DefinitionAlias lang="en" />
        <DefinitionAlias lang="ja-JP">消火栓の必要なタイプを定義する。

乾式l：凍結の可能性のあるとき地中に開放弁セット。

湿式：凍結の可能性のないとき地上に開放弁セット。</DefinitionAlias>
      </DefinitionAliases>
    </PropertyDef>
    <PropertyDef ifdguid="94629f00d1e611e1800000215ad4efdf">
      <Name>PumperConnectionSize</Name>
      <Definition>The size of a connection to which a fire hose may be connected that is then linked to a pumping unit.</Definition>
      <PropertyType>
        <TypePropertySingleValue>
          <DataType type="IfcPositiveLengthMeasure" />
        </TypePropertySingleValue>
      </PropertyType>
      <NameAliases>
        <NameAlias lang="en">Pumper Connection Size</NameAlias>
        <NameAlias lang="ja-JP">ポンプ接続サイズ</NameAlias>
      </NameAliases>
      <DefinitionAliases>
        <DefinitionAlias lang="en" />
        <DefinitionAlias lang="ja-JP">ポンプユニットに接続されであろう消防ホースの接続サイズ。</DefinitionAlias>
      </DefinitionAliases>
    </PropertyDef>
    <PropertyDef ifdguid="9af11680d1e611e1800000215ad4efdf">
      <Name>NumberOfHoseConnections</Name>
      <Definition>The number of hose connections on the hydrant (excluding the pumper connection).</Definition>
      <PropertyType>
        <TypePropertySingleValue>
          <DataType type="IfcInteger" />
        </TypePropertySingleValue>
      </PropertyType>
      <NameAliases>
        <NameAlias lang="en">Number Of Hose Connections</NameAlias>
        <NameAlias lang="ja-JP">ホースの接続の数</NameAlias>
      </NameAliases>
      <DefinitionAliases>
        <DefinitionAlias lang="en" />
        <DefinitionAlias lang="ja-JP">（ポンプ接続を除く）消火栓のホース接続の数。</DefinitionAlias>
      </DefinitionAliases>
    </PropertyDef>
    <PropertyDef ifdguid="9fb5ca80d1e611e1800000215ad4efdf">
      <Name>HoseConnectionSize</Name>
      <Definition>The size of connections to which a hose may be connected (other than that to be linked to a pumping unit).</Definition>
      <PropertyType>
        <TypePropertySingleValue>
          <DataType type="IfcPositiveLengthMeasure" />
        </TypePropertySingleValue>
      </PropertyType>
      <NameAliases>
        <NameAlias lang="en">Hose Connection Size</NameAlias>
        <NameAlias lang="ja-JP">ホース接続サイズ</NameAlias>
      </NameAliases>
      <DefinitionAliases>
        <DefinitionAlias lang="en" />
        <DefinitionAlias lang="ja-JP">接続ホースのサイズ（ポンプユニット接続以外の）。</DefinitionAlias>
      </DefinitionAliases>
    </PropertyDef>
    <PropertyDef ifdguid="a5abab80d1e611e1800000215ad4efdf">
      <Name>DischargeFlowRate</Name>
      <Definition>The volumetric rate of fluid discharge.</Definition>
      <PropertyType>
        <TypePropertySingleValue>
          <DataType type="IfcVolumetricFlowRateMeasure" />
        </TypePropertySingleValue>
      </PropertyType>
      <NameAliases>
        <NameAlias lang="en">Discharge Flow Rate</NameAlias>
        <NameAlias lang="ja-JP">放水流量</NameAlias>
      </NameAliases>
      <DefinitionAliases>
        <DefinitionAlias lang="en" />
        <DefinitionAlias lang="ja-JP">放水液体の体積。</DefinitionAlias>
      </DefinitionAliases>
    </PropertyDef>
    <PropertyDef ifdguid="aa705f80d1e611e1800000215ad4efdf">
      <Name>FlowClass</Name>
      <Definition>Alphanumeric indication of the flow class of a hydrant (may be used in connection with or instead of the FlowRate property).</Definition>
      <PropertyType>
        <TypePropertySingleValue>
          <DataType type="IfcLabel" />
        </TypePropertySingleValue>
      </PropertyType>
      <NameAliases>
        <NameAlias lang="en">Flow Class</NameAlias>
        <NameAlias lang="ja-JP">流量クラス</NameAlias>
      </NameAliases>
      <DefinitionAliases>
        <DefinitionAlias lang="en" />
        <DefinitionAlias lang="ja-JP">消火栓流量クラスの英数字表示（流量属性と一緒に、または代わりに用いられる）。</DefinitionAlias>
      </DefinitionAliases>
    </PropertyDef>
    <PropertyDef ifdguid="b0fed700d1e611e1800000215ad4efdf">
      <Name>WaterIsPotable</Name>
      <Definition>Indication of whether the water flow from the hydrant is potable (set TRUE) or non potable (set FALSE).</Definition>
      <PropertyType>
        <TypePropertySingleValue>
          <DataType type="IfcBoolean" />
        </TypePropertySingleValue>
      </PropertyType>
      <NameAliases>
        <NameAlias lang="en">Water Is Potable</NameAlias>
        <NameAlias lang="ja-JP">飲用水かどうか</NameAlias>
      </NameAliases>
      <DefinitionAliases>
        <DefinitionAlias lang="en" />
        <DefinitionAlias lang="ja-JP">消火栓の水が飲用かどうかの表示（飲用：TRUEを設定、飲用以外：FALSEを設定）。</DefinitionAlias>
      </DefinitionAliases>
    </PropertyDef>
    <PropertyDef ifdguid="b65c2180d1e611e1800000215ad4efdf">
      <Name>PressureRating</Name>
      <Definition>Maximum pressure that the hydrant is manufactured to withstand.</Definition>
      <PropertyType>
        <TypePropertySingleValue>
          <DataType type="IfcPressureMeasure" />
        </TypePropertySingleValue>
      </PropertyType>
      <NameAliases>
        <NameAlias lang="en">Pressure Rating</NameAlias>
        <NameAlias lang="ja-JP">圧力</NameAlias>
      </NameAliases>
      <DefinitionAliases>
        <DefinitionAlias lang="en" />
        <DefinitionAlias lang="ja-JP">最大圧力、消火栓の耐圧。</DefinitionAlias>
      </DefinitionAliases>
    </PropertyDef>
    <PropertyDef ifdguid="bbb96c00d1e611e1800000215ad4efdf">
      <Name>BodyColor</Name>
      <Definition>Color of the body of the hydrant.

Note: Consult local fire regulations for statutory colors that may be required for hydrant bodies in particular circumstances.</Definition>
      <PropertyType>
        <TypePropertySingleValue>
          <DataType type="IfcText" />
        </TypePropertySingleValue>
      </PropertyType>
      <NameAliases>
        <NameAlias lang="en">Body Color</NameAlias>
        <NameAlias lang="ja-JP">本体色</NameAlias>
      </NameAliases>
      <DefinitionAliases>
        <DefinitionAlias lang="en" />
        <DefinitionAlias lang="ja-JP">消火栓本体の色。

注意：特定の状況で消火栓ボディに求められる地域消防規則法定色による。</DefinitionAlias>
      </DefinitionAliases>
    </PropertyDef>
    <PropertyDef ifdguid="c07e2000d1e611e1800000215ad4efdf">
      <Name>CapColor</Name>
      <Definition>Color of the caps of the hydrant.

Note: Consult local fire regulations for statutory colors that may be required for hydrant caps in particular circumstances.</Definition>
      <PropertyType>
        <TypePropertySingleValue>
          <DataType type="IfcText" />
        </TypePropertySingleValue>
      </PropertyType>
      <NameAliases>
        <NameAlias lang="en">Cap Color</NameAlias>
        <NameAlias lang="ja-JP">キャップ色</NameAlias>
      </NameAliases>
      <DefinitionAliases>
        <DefinitionAlias lang="en" />
        <DefinitionAlias lang="ja-JP">消火栓キャップの色。

注意：特定の状況で消火栓キャップに求められる地域消防規則法定色による。</DefinitionAlias>
      </DefinitionAliases>
    </PropertyDef>
  </PropertyDefs>
  <PsetDefinitionAliases>
    <PsetDefinitionAlias lang="en" />
    <PsetDefinitionAlias lang="ja-JP">（BS61003306107）から供給される一時的な水を通す配管に取り付けられる装置。

消火栓の詳細については、www.firehydrant.orgを参照。</PsetDefinitionAlias>
  </PsetDefinitionAliases>
</PropertySetDef>