<?xml version="1.0"?>
<PropertySetDef xmlns:xsd="http://www.w3.org/2001/XMLSchema" xmlns:xsi="http://www.w3.org/2001/XMLSchema-instance" ifdguid="faddc200d1d211e1800000215ad4efdf" templatetype="PSET_TYPEDRIVENOVERRIDE" xsi:noNamespaceSchemaLocation="http://buildingSMART-tech.org/xml/psd/PSD_IFC4.xsd">
  <IfcVersion version="IFC4" />
  <Name>Pset_DiscreteAccessoryWireLoop</Name>
  <Definition>Shape properties common to wire loop joint connectors.</Definition>
  <Applicability />
  <ApplicableClasses>
    <ClassName>IfcDiscreteAccessory/Wire loop</ClassName>
  </ApplicableClasses>
  <ApplicableTypeValue>IfcDiscreteAccessory/Wire loop</ApplicableTypeValue>
  <PropertyDefs>
    <PropertyDef ifdguid="003b0c80d1d311e1800000215ad4efdf">
      <Name>WireLoopBasePlateThickness</Name>
      <Definition>The thickness of the base plate.</Definition>
      <PropertyType>
        <TypePropertySingleValue>
          <DataType type="IfcPositiveLengthMeasure" />
        </TypePropertySingleValue>
      </PropertyType>
      <NameAliases>
        <NameAlias lang="en">Wire Loop Base Plate Thickness</NameAlias>
        <NameAlias lang="ja-JP">ベースプレート厚</NameAlias>
        <NameAlias lang="ko-KR">베이스 플레이트 두께</NameAlias>
      </NameAliases>
      <DefinitionAliases>
        <DefinitionAlias lang="en" />
        <DefinitionAlias lang="ja-JP">ベースプレートの板厚。</DefinitionAlias>
        <DefinitionAlias lang="ko-KR">베이스 플레이트 두께</DefinitionAlias>
      </DefinitionAliases>
    </PropertyDef>
    <PropertyDef ifdguid="05985700d1d311e1800000215ad4efdf">
      <Name>WireLoopBasePlateWidth</Name>
      <Definition>The width of the base plate.</Definition>
      <PropertyType>
        <TypePropertySingleValue>
          <DataType type="IfcPositiveLengthMeasure" />
        </TypePropertySingleValue>
      </PropertyType>
      <NameAliases>
        <NameAlias lang="en">Wire Loop Base Plate Width</NameAlias>
        <NameAlias lang="ja-JP">ベースプレート幅</NameAlias>
        <NameAlias lang="ko-KR">베이스 플레이트 폭</NameAlias>
      </NameAliases>
      <DefinitionAliases>
        <DefinitionAlias lang="en" />
        <DefinitionAlias lang="ja-JP">ベースプレートの幅。</DefinitionAlias>
        <DefinitionAlias lang="ko-KR">베이스 플레이트 폭</DefinitionAlias>
      </DefinitionAliases>
    </PropertyDef>
    <PropertyDef ifdguid="0e892880d1d311e1800000215ad4efdf">
      <Name>WireLoopBasePlateLength</Name>
      <Definition>The length of the base plate.</Definition>
      <PropertyType>
        <TypePropertySingleValue>
          <DataType type="IfcPositiveLengthMeasure" />
        </TypePropertySingleValue>
      </PropertyType>
      <NameAliases>
        <NameAlias lang="en">Wire Loop Base Plate Length</NameAlias>
        <NameAlias lang="ja-JP">ベースプレート長さ</NameAlias>
        <NameAlias lang="ko-KR">플레이트 길이</NameAlias>
      </NameAliases>
      <DefinitionAliases>
        <DefinitionAlias lang="en" />
        <DefinitionAlias lang="ja-JP">ベースプレートの長さ。</DefinitionAlias>
        <DefinitionAlias lang="ko-KR">플레이트 길이</DefinitionAlias>
      </DefinitionAliases>
    </PropertyDef>
    <PropertyDef ifdguid="1648cd00d1d311e1800000215ad4efdf">
      <Name>WireDiameter</Name>
      <Definition>The nominal diameter of the wire.</Definition>
      <PropertyType>
        <TypePropertySingleValue>
          <DataType type="IfcPositiveLengthMeasure" />
        </TypePropertySingleValue>
      </PropertyType>
      <NameAliases>
        <NameAlias lang="en">Wire Diameter</NameAlias>
        <NameAlias lang="ja-JP">ワイヤー径</NameAlias>
        <NameAlias lang="ko-KR">와이어 지름</NameAlias>
      </NameAliases>
      <DefinitionAliases>
        <DefinitionAlias lang="en" />
        <DefinitionAlias lang="ja-JP">ワイヤーの公称直径。</DefinitionAlias>
        <DefinitionAlias lang="ko-KR">와이어의 공칭 지름</DefinitionAlias>
      </DefinitionAliases>
    </PropertyDef>
    <PropertyDef ifdguid="252f7f80d1d311e1800000215ad4efdf">
      <Name>WireEmbeddingLength</Name>
      <Definition>The length of the part of wire which is embedded in the precast concrete element.</Definition>
      <PropertyType>
        <TypePropertySingleValue>
          <DataType type="IfcPositiveLengthMeasure" />
        </TypePropertySingleValue>
      </PropertyType>
      <NameAliases>
        <NameAlias lang="en">Wire Embedding Length</NameAlias>
        <NameAlias lang="ja-JP">埋め込み長さ</NameAlias>
        <NameAlias lang="ko-KR">포함 길이</NameAlias>
      </NameAliases>
      <DefinitionAliases>
        <DefinitionAlias lang="en" />
        <DefinitionAlias lang="ja-JP">プレキャストコンクリート部材の中に埋め込まれたワイヤーの長さ。</DefinitionAlias>
        <DefinitionAlias lang="ko-KR">프리 캐스트 콘크리트 부재속에 묻힌 철사의 길이</DefinitionAlias>
      </DefinitionAliases>
    </PropertyDef>
    <PropertyDef ifdguid="32e50500d1d311e1800000215ad4efdf">
      <Name>WireLoopLength</Name>
      <Definition>The length of the fastening loop part of the wire.</Definition>
      <PropertyType>
        <TypePropertySingleValue>
          <DataType type="IfcPositiveLengthMeasure" />
        </TypePropertySingleValue>
      </PropertyType>
      <NameAliases>
        <NameAlias lang="en">Wire Loop Length</NameAlias>
        <NameAlias lang="ja-JP">留め具長さ</NameAlias>
        <NameAlias lang="ko-KR">클램프 길이</NameAlias>
      </NameAliases>
      <DefinitionAliases>
        <DefinitionAlias lang="en" />
        <DefinitionAlias lang="ja-JP">ワイヤーの留め具部分の長さ。</DefinitionAlias>
        <DefinitionAlias lang="ko-KR">와이어 클램프 부분의 길이</DefinitionAlias>
      </DefinitionAliases>
    </PropertyDef>
  </PropertyDefs>
  <PsetDefinitionAliases>
    <PsetDefinitionAlias lang="en" />
    <PsetDefinitionAlias lang="ja-JP">ワイヤー留め具による接続部の形状特性。</PsetDefinitionAlias>
  </PsetDefinitionAliases>
</PropertySetDef>