<?xml version="1.0"?>
<PropertySetDef xmlns:xsd="http://www.w3.org/2001/XMLSchema" xmlns:xsi="http://www.w3.org/2001/XMLSchema-instance" ifdguid="c70c9780d1e611e1800000215ad4efdf" templatetype="PSET_TYPEDRIVENOVERRIDE" xsi:noNamespaceSchemaLocation="http://buildingSMART-tech.org/xml/psd/PSD_IFC4.xsd">
  <IfcVersion version="IFC4" />
  <Name>Pset_FireSuppressionTerminalTypeHoseReel</Name>
  <Definition>A supporting framework on which a hose may be wound (BS6100 155 8201).

Note that the service provided by the hose (water/foam) is determined by the context of the system onto which the hose reel is connected.</Definition>
  <Applicability />
  <ApplicableClasses>
    <ClassName>IfcFireSuppressionTerminal/HOSEREEL</ClassName>
  </ApplicableClasses>
  <ApplicableTypeValue>IfcFireSuppressionTerminal/HOSEREEL</ApplicableTypeValue>
  <PropertyDefs>
    <PropertyDef ifdguid="cc69e200d1e611e1800000215ad4efdf">
      <Name>HoseReelType</Name>
      <Definition>Identifies the predefined types of hose arrangement from which the type required may be set.</Definition>
      <PropertyType>
        <TypePropertyEnumeratedValue>
          <EnumList name="PEnum_HoseReelType">
            <EnumItem>RACK</EnumItem>
            <EnumItem>REEL</EnumItem>
            <EnumItem>OTHER</EnumItem>
            <EnumItem>NOTKNOWN</EnumItem>
            <EnumItem>UNSET</EnumItem>
          </EnumList>
          <ConstantList>
            <ConstantDef>
              <Name>RACK</Name>
              <NameAliases>
                <NameAlias lang="en">Rack</NameAlias>
              </NameAliases>
              <DefinitionAliases>
                <DefinitionAlias lang="en" />
              </DefinitionAliases>
            </ConstantDef>
            <ConstantDef>
              <Name>REEL</Name>
              <NameAliases>
                <NameAlias lang="en">Reel</NameAlias>
              </NameAliases>
              <DefinitionAliases>
                <DefinitionAlias lang="en" />
              </DefinitionAliases>
            </ConstantDef>
            <ConstantDef>
              <Name>OTHER</Name>
              <NameAliases>
                <NameAlias lang="en">(other)</NameAlias>
              </NameAliases>
              <DefinitionAliases>
                <DefinitionAlias lang="en">Value is not listed.</DefinitionAlias>
              </DefinitionAliases>
            </ConstantDef>
            <ConstantDef>
              <Name>NOTKNOWN</Name>
              <NameAliases>
                <NameAlias lang="en">(unknown)</NameAlias>
              </NameAliases>
              <DefinitionAliases>
                <DefinitionAlias lang="en">Value is unknown.</DefinitionAlias>
              </DefinitionAliases>
            </ConstantDef>
            <ConstantDef>
              <Name>UNSET</Name>
              <NameAliases>
                <NameAlias lang="en">(unset)</NameAlias>
              </NameAliases>
              <DefinitionAliases>
                <DefinitionAlias lang="en">Value has not been specified.</DefinitionAlias>
              </DefinitionAliases>
            </ConstantDef>
          </ConstantList>
        </TypePropertyEnumeratedValue>
      </PropertyType>
      <NameAliases>
        <NameAlias lang="en">Hose Reel Type</NameAlias>
        <NameAlias lang="ja-JP">ホースリールタイプ</NameAlias>
      </NameAliases>
      <DefinitionAliases>
        <DefinitionAlias lang="en" />
        <DefinitionAlias lang="ja-JP">あらかじめ定義済みのホース構成の型から必要な型を設定する識別。</DefinitionAlias>
      </DefinitionAliases>
    </PropertyDef>
    <PropertyDef ifdguid="d986d100d1e611e1800000215ad4efdf">
      <Name>HoseReelMountingType</Name>
      <Definition>Identifies the predefined types of hose reel mounting from which the type required may be set.</Definition>
      <PropertyType>
        <TypePropertyEnumeratedValue>
          <EnumList name="PEnum_HoseReelMountingType">
            <EnumItem>CABINET_RECESSED</EnumItem>
            <EnumItem>CABINET_SEMIRECESSED</EnumItem>
            <EnumItem>SURFACE</EnumItem>
            <EnumItem>OTHER</EnumItem>
            <EnumItem>NOTKNOWN</EnumItem>
            <EnumItem>UNSET</EnumItem>
          </EnumList>
          <ConstantList>
            <ConstantDef>
              <Name>CABINET_RECESSED</Name>
              <NameAliases>
                <NameAlias lang="en">Cabinet Recessed</NameAlias>
              </NameAliases>
              <DefinitionAliases>
                <DefinitionAlias lang="en" />
              </DefinitionAliases>
            </ConstantDef>
            <ConstantDef>
              <Name>CABINET_SEMIRECESSED</Name>
              <NameAliases>
                <NameAlias lang="en">Cabinet Semirecessed</NameAlias>
              </NameAliases>
              <DefinitionAliases>
                <DefinitionAlias lang="en" />
              </DefinitionAliases>
            </ConstantDef>
            <ConstantDef>
              <Name>SURFACE</Name>
              <NameAliases>
                <NameAlias lang="en">Surface</NameAlias>
              </NameAliases>
              <DefinitionAliases>
                <DefinitionAlias lang="en" />
              </DefinitionAliases>
            </ConstantDef>
            <ConstantDef>
              <Name>OTHER</Name>
              <NameAliases>
                <NameAlias lang="en">(other)</NameAlias>
              </NameAliases>
              <DefinitionAliases>
                <DefinitionAlias lang="en">Value is not listed.</DefinitionAlias>
              </DefinitionAliases>
            </ConstantDef>
            <ConstantDef>
              <Name>NOTKNOWN</Name>
              <NameAliases>
                <NameAlias lang="en">(unknown)</NameAlias>
              </NameAliases>
              <DefinitionAliases>
                <DefinitionAlias lang="en">Value is unknown.</DefinitionAlias>
              </DefinitionAliases>
            </ConstantDef>
            <ConstantDef>
              <Name>UNSET</Name>
              <NameAliases>
                <NameAlias lang="en">(unset)</NameAlias>
              </NameAliases>
              <DefinitionAliases>
                <DefinitionAlias lang="en">Value has not been specified.</DefinitionAlias>
              </DefinitionAliases>
            </ConstantDef>
          </ConstantList>
        </TypePropertyEnumeratedValue>
      </PropertyType>
      <NameAliases>
        <NameAlias lang="en">Hose Reel Mounting Type</NameAlias>
        <NameAlias lang="ja-JP">ホースリール装着タイプ</NameAlias>
      </NameAliases>
      <DefinitionAliases>
        <DefinitionAlias lang="en" />
        <DefinitionAlias lang="ja-JP">あらかじめ定義済みの取り付けホースリールの型から必要な型を設定する識別。</DefinitionAlias>
      </DefinitionAliases>
    </PropertyDef>
    <PropertyDef ifdguid="e9061a00d1e611e1800000215ad4efdf">
      <Name>InletConnectionSize</Name>
      <Definition>Size of the inlet connection to the hose reel.</Definition>
      <PropertyType>
        <TypePropertySingleValue>
          <DataType type="IfcPositiveLengthMeasure" />
        </TypePropertySingleValue>
      </PropertyType>
      <NameAliases>
        <NameAlias lang="en">Inlet Connection Size</NameAlias>
        <NameAlias lang="ja-JP">インレット接続サイズ</NameAlias>
      </NameAliases>
      <DefinitionAliases>
        <DefinitionAlias lang="en" />
        <DefinitionAlias lang="ja-JP">ホースリールへの入口接続のサイズ。</DefinitionAlias>
      </DefinitionAliases>
    </PropertyDef>
    <PropertyDef ifdguid="eefbfb00d1e611e1800000215ad4efdf">
      <Name>HoseDiameter</Name>
      <Definition>Notional diameter (bore) of the hose.</Definition>
      <PropertyType>
        <TypePropertySingleValue>
          <DataType type="IfcPositiveLengthMeasure" />
        </TypePropertySingleValue>
      </PropertyType>
      <NameAliases>
        <NameAlias lang="en">Hose Diameter</NameAlias>
        <NameAlias lang="ja-JP">ホース径</NameAlias>
      </NameAliases>
      <DefinitionAliases>
        <DefinitionAlias lang="en" />
        <DefinitionAlias lang="ja-JP">ホースの公称口径（内径）。</DefinitionAlias>
      </DefinitionAliases>
    </PropertyDef>
    <PropertyDef ifdguid="f58a7280d1e611e1800000215ad4efdf">
      <Name>HoseLength</Name>
      <Definition>Notional length of the hose fitted to the hose reel when fully extended.</Definition>
      <PropertyType>
        <TypePropertySingleValue>
          <DataType type="IfcPositiveLengthMeasure" />
        </TypePropertySingleValue>
      </PropertyType>
      <NameAliases>
        <NameAlias lang="en">Hose Length</NameAlias>
        <NameAlias lang="ja-JP">ホースの長さ</NameAlias>
      </NameAliases>
      <DefinitionAliases>
        <DefinitionAlias lang="en" />
        <DefinitionAlias lang="ja-JP">ホースホースリールに装着されたホースの公称長さ（全て伸ばされたときの）。</DefinitionAlias>
      </DefinitionAliases>
    </PropertyDef>
    <PropertyDef ifdguid="fc18ea00d1e611e1800000215ad4efdf">
      <Name>HoseNozzleType</Name>
      <Definition>Identifies the predefined types of nozzle (in terms of spray pattern) fitted to the end of the hose from which the type required may be set.</Definition>
      <PropertyType>
        <TypePropertyEnumeratedValue>
          <EnumList name="PEnum_HoseNozzleType">
            <EnumItem>FOG</EnumItem>
            <EnumItem>STRAIGHTSTREAM</EnumItem>
            <EnumItem>OTHER</EnumItem>
            <EnumItem>NOTKNOWN</EnumItem>
            <EnumItem>UNSET</EnumItem>
          </EnumList>
          <ConstantList>
            <ConstantDef>
              <Name>FOG</Name>
              <NameAliases>
                <NameAlias lang="en">Fog</NameAlias>
              </NameAliases>
              <DefinitionAliases>
                <DefinitionAlias lang="en" />
              </DefinitionAliases>
            </ConstantDef>
            <ConstantDef>
              <Name>STRAIGHTSTREAM</Name>
              <NameAliases>
                <NameAlias lang="en">Straight Stream</NameAlias>
              </NameAliases>
              <DefinitionAliases>
                <DefinitionAlias lang="en" />
              </DefinitionAliases>
            </ConstantDef>
            <ConstantDef>
              <Name>OTHER</Name>
              <NameAliases>
                <NameAlias lang="en">(other)</NameAlias>
              </NameAliases>
              <DefinitionAliases>
                <DefinitionAlias lang="en">Value is not listed.</DefinitionAlias>
              </DefinitionAliases>
            </ConstantDef>
            <ConstantDef>
              <Name>NOTKNOWN</Name>
              <NameAliases>
                <NameAlias lang="en">(unknown)</NameAlias>
              </NameAliases>
              <DefinitionAliases>
                <DefinitionAlias lang="en">Value is unknown.</DefinitionAlias>
              </DefinitionAliases>
            </ConstantDef>
            <ConstantDef>
              <Name>UNSET</Name>
              <NameAliases>
                <NameAlias lang="en">(unset)</NameAlias>
              </NameAliases>
              <DefinitionAliases>
                <DefinitionAlias lang="en">Value has not been specified.</DefinitionAlias>
              </DefinitionAliases>
            </ConstantDef>
          </ConstantList>
        </TypePropertyEnumeratedValue>
      </PropertyType>
      <NameAliases>
        <NameAlias lang="en">Hose Nozzle Type</NameAlias>
        <NameAlias lang="ja-JP">ホースノズルタイプ</NameAlias>
      </NameAliases>
      <DefinitionAliases>
        <DefinitionAlias lang="en" />
        <DefinitionAlias lang="ja-JP">あらかじめ定義済みのホースの先端に取り付けられるノズルの型（放出パターンの観点から）から必要な型を設定する識別。</DefinitionAlias>
      </DefinitionAliases>
    </PropertyDef>
    <PropertyDef ifdguid="0935d900d1e711e1800000215ad4efdf">
      <Name>ClassOfService</Name>
      <Definition>A classification of usage of the hose reel that may be applied.</Definition>
      <PropertyType>
        <TypePropertySingleValue>
          <DataType type="IfcLabel" />
        </TypePropertySingleValue>
      </PropertyType>
      <NameAliases>
        <NameAlias lang="en">Class Of Service</NameAlias>
        <NameAlias lang="ja-JP">サービスクラス</NameAlias>
      </NameAliases>
      <DefinitionAliases>
        <DefinitionAlias lang="en" />
        <DefinitionAlias lang="ja-JP">適用されるホースリールの使用方法の分類。</DefinitionAlias>
      </DefinitionAliases>
    </PropertyDef>
    <PropertyDef ifdguid="10f57d80d1e711e1800000215ad4efdf">
      <Name>ClassificationAuthority</Name>
      <Definition>The name of the authority that applies the classification of service to the hose reel (e.g. NFPA/FEMA).</Definition>
      <PropertyType>
        <TypePropertySingleValue>
          <DataType type="IfcLabel" />
        </TypePropertySingleValue>
      </PropertyType>
      <NameAliases>
        <NameAlias lang="en">Classification Authority</NameAlias>
        <NameAlias lang="ja-JP">分類認証機関</NameAlias>
      </NameAliases>
      <DefinitionAliases>
        <DefinitionAlias lang="en" />
        <DefinitionAlias lang="ja-JP">ホースリールの分類認証機関の名称。（例　NFPA/ FEMA）</DefinitionAlias>
      </DefinitionAliases>
    </PropertyDef>
  </PropertyDefs>
  <PsetDefinitionAliases>
    <PsetDefinitionAlias lang="en" />
    <PsetDefinitionAlias lang="ja-JP">ホースが損傷したときのサポートの仕組み。（BS61001558201）

ホースに供給されるサービスが水か泡かは、そのホースリールが接続されているシステムによる。</PsetDefinitionAlias>
  </PsetDefinitionAliases>
</PropertySetDef>