<?xml version="1.0"?>
<PropertySetDef xmlns:xsd="http://www.w3.org/2001/XMLSchema" xmlns:xsi="http://www.w3.org/2001/XMLSchema-instance" ifdguid="65f0be00d1fe11e1800000215ad4efdf" templatetype="PSET_TYPEDRIVENOVERRIDE" xsi:noNamespaceSchemaLocation="http://buildingSMART-tech.org/xml/psd/PSD_IFC4.xsd">
  <IfcVersion version="IFC4" />
  <Name>Pset_ProtectiveDeviceTypeVaristor</Name>
  <Definition>A high voltage surge protection device.</Definition>
  <Applicability />
  <ApplicableClasses>
    <ClassName>IfcProtectiveDevice/VARISTOR</ClassName>
  </ApplicableClasses>
  <ApplicableTypeValue>IfcProtectiveDevice/VARISTOR</ApplicableTypeValue>
  <PropertyDefs>
    <PropertyDef ifdguid="6b4e0880d1fe11e1800000215ad4efdf">
      <Name>VaristorType</Name>
      <Definition>A list of the available types of varistor  from which that required may be selected.</Definition>
      <PropertyType>
        <TypePropertyEnumeratedValue>
          <EnumList name="PEnum_VaristorType">
            <EnumItem>METALOXIDE</EnumItem>
            <EnumItem>ZINCOXIDE</EnumItem>
            <EnumItem>OTHER</EnumItem>
            <EnumItem>NOTKNOWN</EnumItem>
            <EnumItem>UNSET</EnumItem>
          </EnumList>
          <ConstantList>
            <ConstantDef>
              <Name>METALOXIDE</Name>
              <NameAliases>
                <NameAlias lang="en">Metal Oxide</NameAlias>
              </NameAliases>
              <DefinitionAliases>
                <DefinitionAlias lang="en" />
              </DefinitionAliases>
            </ConstantDef>
            <ConstantDef>
              <Name>ZINCOXIDE</Name>
              <NameAliases>
                <NameAlias lang="en">Zinc Oxide</NameAlias>
              </NameAliases>
              <DefinitionAliases>
                <DefinitionAlias lang="en" />
              </DefinitionAliases>
            </ConstantDef>
            <ConstantDef>
              <Name>OTHER</Name>
              <NameAliases>
                <NameAlias lang="en">(other)</NameAlias>
              </NameAliases>
              <DefinitionAliases>
                <DefinitionAlias lang="en">Value is not listed.</DefinitionAlias>
              </DefinitionAliases>
            </ConstantDef>
            <ConstantDef>
              <Name>NOTKNOWN</Name>
              <NameAliases>
                <NameAlias lang="en">(unknown)</NameAlias>
              </NameAliases>
              <DefinitionAliases>
                <DefinitionAlias lang="en">Value is unknown.</DefinitionAlias>
              </DefinitionAliases>
            </ConstantDef>
            <ConstantDef>
              <Name>UNSET</Name>
              <NameAliases>
                <NameAlias lang="en">(unset)</NameAlias>
              </NameAliases>
              <DefinitionAliases>
                <DefinitionAlias lang="en">Value has not been specified.</DefinitionAlias>
              </DefinitionAliases>
            </ConstantDef>
          </ConstantList>
        </TypePropertyEnumeratedValue>
      </PropertyType>
      <NameAliases>
        <NameAlias lang="en">Varistor Type</NameAlias>
        <NameAlias lang="ja-JP">保護タイプ</NameAlias>
        <NameAlias lang="ko-KR">보호 종류</NameAlias>
      </NameAliases>
      <DefinitionAliases>
        <DefinitionAlias lang="en" />
        <DefinitionAlias lang="ja-JP">選択が必要となる、バリスターの一覧リスト。</DefinitionAlias>
        <DefinitionAlias lang="ko-KR">선택된 varistor(소자)의 유용한 유형목록</DefinitionAlias>
      </DefinitionAliases>
    </PropertyDef>
  </PropertyDefs>
  <PsetDefinitionAliases>
    <PsetDefinitionAlias lang="en" />
    <PsetDefinitionAlias lang="ja-JP">高圧避雷装置。</PsetDefinitionAlias>
  </PsetDefinitionAliases>
</PropertySetDef>