<?xml version="1.0"?>
<PropertySetDef xmlns:xsd="http://www.w3.org/2001/XMLSchema" xmlns:xsi="http://www.w3.org/2001/XMLSchema-instance" ifdguid="334ec180d20e11e1800000215ad4efdf" templatetype="PSET_TYPEDRIVENOVERRIDE" xsi:noNamespaceSchemaLocation="http://buildingSMART-tech.org/xml/psd/PSD_IFC4.xsd">
  <IfcVersion version="IFC4" />
  <Name>Pset_SwitchingDeviceTypeKeypad</Name>
  <Definition>A keypad is a switch supporting multiple functions.  HISTORY: Added in IFC4.</Definition>
  <Applicability />
  <ApplicableClasses>
    <ClassName>IfcSwitchingDevice/KEYPAD</ClassName>
  </ApplicableClasses>
  <ApplicableTypeValue>IfcSwitchingDevice/KEYPAD</ApplicableTypeValue>
  <PropertyDefs>
    <PropertyDef ifdguid="38137580d20e11e1800000215ad4efdf">
      <Name>KeypadType</Name>
      <Definition>A list of the available types of keypad switch from which that required may be selected.</Definition>
      <PropertyType>
        <TypePropertyEnumeratedValue>
          <EnumList name="PEnum_SwitchingDeviceKeypadType">
            <EnumItem>BUTTONS</EnumItem>
            <EnumItem>TOUCHSCREEN</EnumItem>
            <EnumItem>OTHER</EnumItem>
            <EnumItem>NOTKNOWN</EnumItem>
            <EnumItem>UNSET</EnumItem>
          </EnumList>
          <ConstantList>
            <ConstantDef>
              <Name>BUTTONS</Name>
              <NameAliases>
                <NameAlias lang="en">Buttons</NameAlias>
              </NameAliases>
              <DefinitionAliases>
                <DefinitionAlias lang="en" />
              </DefinitionAliases>
            </ConstantDef>
            <ConstantDef>
              <Name>TOUCHSCREEN</Name>
              <NameAliases>
                <NameAlias lang="en">Touchscreen</NameAlias>
              </NameAliases>
              <DefinitionAliases>
                <DefinitionAlias lang="en" />
              </DefinitionAliases>
            </ConstantDef>
            <ConstantDef>
              <Name>OTHER</Name>
              <NameAliases>
                <NameAlias lang="en">(other)</NameAlias>
              </NameAliases>
              <DefinitionAliases>
                <DefinitionAlias lang="en">Value is not listed.</DefinitionAlias>
              </DefinitionAliases>
            </ConstantDef>
            <ConstantDef>
              <Name>NOTKNOWN</Name>
              <NameAliases>
                <NameAlias lang="en">(unknown)</NameAlias>
              </NameAliases>
              <DefinitionAliases>
                <DefinitionAlias lang="en">Value is unknown.</DefinitionAlias>
              </DefinitionAliases>
            </ConstantDef>
            <ConstantDef>
              <Name>UNSET</Name>
              <NameAliases>
                <NameAlias lang="en">(unset)</NameAlias>
              </NameAliases>
              <DefinitionAliases>
                <DefinitionAlias lang="en">Value has not been specified.</DefinitionAlias>
              </DefinitionAliases>
            </ConstantDef>
          </ConstantList>
        </TypePropertyEnumeratedValue>
      </PropertyType>
      <NameAliases>
        <NameAlias lang="en">Keypad Type</NameAlias>
        <NameAlias lang="ja-JP">キーパッドタイプ</NameAlias>
        <NameAlias lang="ko-KR">키패드 유형</NameAlias>
      </NameAliases>
      <DefinitionAliases>
        <DefinitionAlias lang="en" />
        <DefinitionAlias lang="ja-JP">選択が必要となる、キーパッドスイッチの一覧リスト。</DefinitionAlias>
        <DefinitionAlias lang="ko-KR">선택이 필요한 키패드 스위치 목록</DefinitionAlias>
      </DefinitionAliases>
    </PropertyDef>
  </PropertyDefs>
  <PsetDefinitionAliases>
    <PsetDefinitionAlias lang="en" />
    <PsetDefinitionAlias lang="ja-JP">キーパッドは複数の機能をサポートするスイッチ。
履歴： IFC4に追加。</PsetDefinitionAlias>
  </PsetDefinitionAliases>
</PropertySetDef>