<?xml version="1.0"?>
<PropertySetDef xmlns:xsd="http://www.w3.org/2001/XMLSchema" xmlns:xsi="http://www.w3.org/2001/XMLSchema-instance" ifdguid="a8b09700d1fa11e1800000215ad4efdf" templatetype="PSET_TYPEDRIVENOVERRIDE" xsi:noNamespaceSchemaLocation="http://buildingSMART-tech.org/xml/psd/PSD_IFC4.xsd">
  <IfcVersion version="IFC4" />
  <Name>Pset_ProtectiveDeviceTrippingFunctionICurve</Name>
  <Definition>Tripping functions are applied to electronic tripping units (i.e. tripping units having type property sets for electronic tripping defined). They are not applied to thermal, thermal magnetic or RCD tripping units.
This property set represent the instantaneous time protection (I-curve) of an electronic protection device.</Definition>
  <Applicability />
  <ApplicableClasses>
    <ClassName>IfcProtectiveDeviceTrippingUnit</ClassName>
  </ApplicableClasses>
  <ApplicableTypeValue>IfcProtectiveDeviceTrippingUnit</ApplicableTypeValue>
  <PropertyDefs>
    <PropertyDef ifdguid="ac441e00d1fa11e1800000215ad4efdf">
      <Name>IsSelectable</Name>
      <Definition>Indication whether the S-function can be switched off or not.</Definition>
      <PropertyType>
        <TypePropertySingleValue>
          <DataType type="IfcBoolean" />
        </TypePropertySingleValue>
      </PropertyType>
      <NameAliases>
        <NameAlias lang="en">Is Selectable</NameAlias>
        <NameAlias lang="ja-JP">切り替え</NameAlias>
        <NameAlias lang="ko-KR">전환</NameAlias>
      </NameAliases>
      <DefinitionAliases>
        <DefinitionAlias lang="en" />
        <DefinitionAlias lang="ja-JP">装置の “ON-OFF”状態を電気的表示が切り替え可能かどうか。</DefinitionAlias>
        <DefinitionAlias lang="ko-KR">장치의 "ON-OFF"상태를 전기적으로 표시가 교체 가능합니까?</DefinitionAlias>
      </DefinitionAliases>
    </PropertyDef>
    <PropertyDef ifdguid="b239ff00d1fa11e1800000215ad4efdf">
      <Name>NominalCurrentAdjusted</Name>
      <Definition>An indication if the tripping currents of the short time protection is related to the nominal current multiplied with the actual setting of the current adjustment, if any, of the long time protection part of the protective device, or not.</Definition>
      <PropertyType>
        <TypePropertySingleValue>
          <DataType type="IfcBoolean" />
        </TypePropertySingleValue>
      </PropertyType>
      <NameAliases>
        <NameAlias lang="en">Nominal Current Adjusted</NameAlias>
        <NameAlias lang="ja-JP">定格調整電流</NameAlias>
        <NameAlias lang="ko-KR">정격전류조정</NameAlias>
      </NameAliases>
      <DefinitionAliases>
        <DefinitionAlias lang="en" />
        <DefinitionAlias lang="ja-JP">電流によって、動作時間が短かかったり長かったりするかどうか。</DefinitionAlias>
        <DefinitionAlias lang="ko-KR">전류 작동 시간 길이 여부</DefinitionAlias>
      </DefinitionAliases>
    </PropertyDef>
    <PropertyDef ifdguid="bc5bfd80d1fa11e1800000215ad4efdf">
      <Name>ReleaseCurrent</Name>
      <Definition>The release current in [x In] for the initial tripping of the S-function.</Definition>
      <PropertyType>
        <TypePropertySingleValue>
          <DataType type="IfcElectricCurrentMeasure" />
        </TypePropertySingleValue>
      </PropertyType>
      <NameAliases>
        <NameAlias lang="en">Release Current</NameAlias>
        <NameAlias lang="ja-JP">放出電流</NameAlias>
        <NameAlias lang="ko-KR">방출전류</NameAlias>
      </NameAliases>
      <DefinitionAliases>
        <DefinitionAlias lang="en" />
        <DefinitionAlias lang="ja-JP">放出する電流は、S-functionの初期特性。</DefinitionAlias>
        <DefinitionAlias lang="ko-KR">방출 전류는 S-function의 초기 특성.</DefinitionAlias>
      </DefinitionAliases>
    </PropertyDef>
    <PropertyDef ifdguid="c251de80d1fa11e1800000215ad4efdf">
      <Name>ReleaseTime</Name>
      <Definition>The release time in [s] for the initial tripping of the relevant part. This time indicates that for current lower than the indicated release current, the tripping time will be longer than the indicated release time. The value is given as a mean value.</Definition>
      <PropertyType>
        <TypePropertySingleValue>
          <DataType type="IfcTimeMeasure" />
        </TypePropertySingleValue>
      </PropertyType>
      <NameAliases>
        <NameAlias lang="en">Release Time</NameAlias>
        <NameAlias lang="ja-JP">放出時間</NameAlias>
        <NameAlias lang="ko-KR">방출 시간</NameAlias>
      </NameAliases>
      <DefinitionAliases>
        <DefinitionAlias lang="en" />
        <DefinitionAlias lang="ja-JP">関連する部分の初期トリップのための[s]が放出時間。
 このトリップ時間は、リリースの電流よりも低い電流の場合、指定された動作時間よりも長くなります。
 値が平均値として与えられる。</DefinitionAlias>
        <DefinitionAlias lang="ko-KR">관련 부분의 초기 여행을위한 [s]가 방출 시간.  이 트립 시간은 릴리스 전류보다 낮은 전류의 경우 지정된 동작 시간보다 길어집니다.  값을 평균으로 주어진다. "</DefinitionAlias>
      </DefinitionAliases>
    </PropertyDef>
    <PropertyDef ifdguid="c7af2900d1fa11e1800000215ad4efdf">
      <Name>CurrentTolerance1</Name>
      <Definition>The tolerance for the current of time/current-curve in [%].</Definition>
      <PropertyType>
        <TypePropertySingleValue>
          <DataType type="IfcPositiveRatioMeasure" />
        </TypePropertySingleValue>
      </PropertyType>
      <NameAliases>
        <NameAlias lang="en">Current Tolerance1</NameAlias>
        <NameAlias lang="ja-JP">許容電流1</NameAlias>
        <NameAlias lang="ko-KR">허용 전류1</NameAlias>
      </NameAliases>
      <DefinitionAliases>
        <DefinitionAlias lang="en" />
        <DefinitionAlias lang="ja-JP">時間/特性曲線の許容範囲を[％]で指定。</DefinitionAlias>
        <DefinitionAlias lang="ko-KR">시간 / 특성 곡선의 허용 범위를 [%]로 지정합니다.</DefinitionAlias>
      </DefinitionAliases>
    </PropertyDef>
    <PropertyDef ifdguid="d0076400d1fa11e1800000215ad4efdf">
      <Name>CurrentToleranceLimit1</Name>
      <Definition>The time limit in [s] limiting the application of CurrentTolerance1, if any. If the value is set to 0, the value of the CurrentTolerance1 is valid for the whole time/current-curve.</Definition>
      <PropertyType>
        <TypePropertySingleValue>
          <DataType type="IfcTimeMeasure" />
        </TypePropertySingleValue>
      </PropertyType>
      <NameAliases>
        <NameAlias lang="en">Current Tolerance Limit1</NameAlias>
        <NameAlias lang="ja-JP">許容電流限界1</NameAlias>
        <NameAlias lang="ko-KR">허용전류한계1</NameAlias>
      </NameAliases>
      <DefinitionAliases>
        <DefinitionAlias lang="en" />
        <DefinitionAlias lang="ja-JP">許容電流1を制限する時間制限。
値が0の場合は、制限はない。</DefinitionAlias>
        <DefinitionAlias lang="ko-KR">허용 전류 1 제한 시간 제한. 값이 0이면 제한이 없다.</DefinitionAlias>
      </DefinitionAliases>
    </PropertyDef>
    <PropertyDef ifdguid="d990cc00d1fa11e1800000215ad4efdf">
      <Name>CurrentTolerance2</Name>
      <Definition>The tolerance for the current of time/current-curve in [%] valid for times above CurrentTolereanceLimit1.</Definition>
      <PropertyType>
        <TypePropertySingleValue>
          <DataType type="IfcPositiveRatioMeasure" />
        </TypePropertySingleValue>
      </PropertyType>
      <NameAliases>
        <NameAlias lang="en">Current Tolerance2</NameAlias>
        <NameAlias lang="ja-JP">許容電流2</NameAlias>
        <NameAlias lang="ko-KR">허용전류 2</NameAlias>
      </NameAliases>
      <DefinitionAliases>
        <DefinitionAlias lang="en" />
        <DefinitionAlias lang="ja-JP">[％]で指定された時間/特性曲線の許容範囲は、上記の許容電流限界1の時間で有効です。</DefinitionAlias>
        <DefinitionAlias lang="ko-KR">[%]로 지정된 시간 / 특성 곡선의 허용 범위는 상기의 허용 전류 한계 1 시간에 유효합니다.</DefinitionAlias>
      </DefinitionAliases>
    </PropertyDef>
    <PropertyDef ifdguid="e2819d80d1fa11e1800000215ad4efdf">
      <Name>IsCurrentTolerancePositiveOnly</Name>
      <Definition>Indication whether the value of  CurrentTolerance1 is provided as a positive tolereance only  or not. If not, the value is proved as a pluss/minus tolerance.</Definition>
      <PropertyType>
        <TypePropertySingleValue>
          <DataType type="IfcBoolean" />
        </TypePropertySingleValue>
      </PropertyType>
      <NameAliases>
        <NameAlias lang="en">Is Current Tolerance Positive Only</NameAlias>
        <NameAlias lang="ja-JP">電流許容値</NameAlias>
        <NameAlias lang="ko-KR">전류 허용 값</NameAlias>
      </NameAliases>
      <DefinitionAliases>
        <DefinitionAlias lang="en" />
        <DefinitionAlias lang="ja-JP">許容電流限界1の値のみかどうか
 上記でない場合、電流許容値はプラス/マイナスした値。</DefinitionAlias>
        <DefinitionAlias lang="ko-KR">허용 전류 한계 값 1 만 여부  위의 경우, 전류 허용 값은 플러스 / 마이너스 값.</DefinitionAlias>
      </DefinitionAliases>
    </PropertyDef>
    <PropertyDef ifdguid="e8777e80d1fa11e1800000215ad4efdf">
      <Name>TimeTolerance1</Name>
      <Definition>The tolerance for the time of time/current-curve in [%].</Definition>
      <PropertyType>
        <TypePropertySingleValue>
          <DataType type="IfcPositiveRatioMeasure" />
        </TypePropertySingleValue>
      </PropertyType>
      <NameAliases>
        <NameAlias lang="en">Time Tolerance1</NameAlias>
        <NameAlias lang="ja-JP">許容時間1</NameAlias>
        <NameAlias lang="ko-KR">허용 시간1</NameAlias>
      </NameAliases>
      <DefinitionAliases>
        <DefinitionAlias lang="en" />
        <DefinitionAlias lang="ja-JP">[％]で時間/特性曲線の許容時間を設定。</DefinitionAlias>
        <DefinitionAlias lang="ko-KR">[%] 시간 / 특성 곡선의 허용 시간을 설정</DefinitionAlias>
      </DefinitionAliases>
    </PropertyDef>
    <PropertyDef ifdguid="ee6d5f80d1fa11e1800000215ad4efdf">
      <Name>TimeToleranceLimit1</Name>
      <Definition>The current limit in [x In] limiting the application of TimeTolerance1, if any. If the value is set to 0, the value of the TimeTolerance1 is valid for the whole time/current-curve.</Definition>
      <PropertyType>
        <TypePropertySingleValue>
          <DataType type="IfcElectricCurrentMeasure" />
        </TypePropertySingleValue>
      </PropertyType>
      <NameAliases>
        <NameAlias lang="en">Time Tolerance Limit1</NameAlias>
        <NameAlias lang="ja-JP">許容限界時間1</NameAlias>
        <NameAlias lang="ko-KR">허용 한계시간1</NameAlias>
      </NameAliases>
      <DefinitionAliases>
        <DefinitionAlias lang="en" />
        <DefinitionAlias lang="ja-JP">許容時間1を制限する電流制限値。
値が0の場合は、制限はない。</DefinitionAlias>
        <DefinitionAlias lang="ko-KR">허용 시간 1를 제한하는 전류 제한. 값이 0이면 제한이 없다</DefinitionAlias>
      </DefinitionAliases>
    </PropertyDef>
    <PropertyDef ifdguid="f3321380d1fa11e1800000215ad4efdf">
      <Name>TimeTolerance2</Name>
      <Definition>The tolerance for the time of the time/current-curve in [%] valid for currents above TimeToleranceLimit1.</Definition>
      <PropertyType>
        <TypePropertySingleValue>
          <DataType type="IfcPositiveRatioMeasure" />
        </TypePropertySingleValue>
      </PropertyType>
      <NameAliases>
        <NameAlias lang="en">Time Tolerance2</NameAlias>
        <NameAlias lang="ja-JP">許容時間2</NameAlias>
        <NameAlias lang="ko-KR">허용시간 2</NameAlias>
      </NameAliases>
      <DefinitionAliases>
        <DefinitionAlias lang="en" />
        <DefinitionAlias lang="ja-JP">[％]で指定された時間/特性曲線の許容範囲は、上記の許容電流限界1の電流で有効です。</DefinitionAlias>
        <DefinitionAlias lang="ko-KR">[%]로 지정된 시간 / 특성 곡선의 허용 범위는 상기의 허용 전류 한계 1의 전류로 사용할 수 있습니다.</DefinitionAlias>
      </DefinitionAliases>
    </PropertyDef>
    <PropertyDef ifdguid="f9c08b00d1fa11e1800000215ad4efdf">
      <Name>IsTimeTolerancePositiveOnly</Name>
      <Definition>Indication whether the value of  TimeTolerance1 is provided as a positive tolereance only  or not. If not, the value is proved as a pluss/minus tolerance.</Definition>
      <PropertyType>
        <TypePropertySingleValue>
          <DataType type="IfcBoolean" />
        </TypePropertySingleValue>
      </PropertyType>
      <NameAliases>
        <NameAlias lang="en">Is Time Tolerance Positive Only</NameAlias>
        <NameAlias lang="ja-JP">時間許容値</NameAlias>
        <NameAlias lang="ko-KR">시간 허용치</NameAlias>
      </NameAliases>
      <DefinitionAliases>
        <DefinitionAlias lang="en" />
        <DefinitionAlias lang="ja-JP">許容時間1の値のみかどうか
 上記でない場合、時間許容値は、プラス/マイナスした値。</DefinitionAlias>
        <DefinitionAlias lang="ko-KR">허용 시간 1 값만 여부  위의 경우 시간 허용치는 플러스 / 마이너스 값.</DefinitionAlias>
      </DefinitionAliases>
    </PropertyDef>
    <PropertyDef ifdguid="ffb66c00d1fa11e1800000215ad4efdf">
      <Name>MaxAdjustmentX_ICS</Name>
      <Definition>Provides the maximum setting value for the available current adjustment in relation to the
Ics breaking capacity of the protection device of which the actual tripping unit is a part of. The value is not asserted unless the instantaneous time protection is.</Definition>
      <PropertyType>
        <TypePropertySingleValue>
          <DataType type="IfcElectricCurrentMeasure" />
        </TypePropertySingleValue>
      </PropertyType>
      <NameAliases>
        <NameAlias lang="en">Max Adjustment X_ ICS</NameAlias>
        <NameAlias lang="ja-JP">最大調整X_ICS</NameAlias>
        <NameAlias lang="ko-KR">최대 조정 X_ICS</NameAlias>
      </NameAliases>
      <DefinitionAliases>
        <DefinitionAlias lang="en" />
        <DefinitionAlias lang="ja-JP">実際のトリップ装置の一部である保護装置のIcs 遮断容量に関連して利用可能な電流の最大調整値。</DefinitionAlias>
        <DefinitionAlias lang="ko-KR">실제 트립 장치의 일부인 보호자 Ics 차단 용량과 관련하여 사용 가능한 전류의 최대 조정 값</DefinitionAlias>
      </DefinitionAliases>
    </PropertyDef>
    <PropertyDef ifdguid="a3d271ad1c7d474392e5ceb1ef243667">
      <Name>IsOffWhenSFunctionOn</Name>
      <Definition>Indication whether the I-function is automatically switched off when the S-function is switched on.</Definition>
      <PropertyType>
        <TypePropertySingleValue>
          <DataType type="IfcBoolean" />
        </TypePropertySingleValue>
      </PropertyType>
      <NameAliases>
        <NameAlias lang="en">Is Off When SFunction On</NameAlias>
      </NameAliases>
      <DefinitionAliases>
        <DefinitionAlias lang="en" />
      </DefinitionAliases>
    </PropertyDef>
  </PropertyDefs>
  <PsetDefinitionAliases>
    <PsetDefinitionAlias lang="en" />
    <PsetDefinitionAlias lang="ja-JP">トリッピング関数は、電子トリッピング装置に適用される。
（例えば、トリッピング装置は、電子トリッピング定義されたプロパティセットタイプを持っている）
これらは、熱,熱電磁,RCDトリッピング装置に適用されない。
このプロパティセットは、電子保護装置の瞬時短絡保護(I-curve)を表す。</PsetDefinitionAlias>
  </PsetDefinitionAliases>
</PropertySetDef>