<?xml version="1.0"?>
<PropertySetDef xmlns:xsd="http://www.w3.org/2001/XMLSchema" xmlns:xsi="http://www.w3.org/2001/XMLSchema-instance" ifdguid="fe2c7a00d1e111e1800000215ad4efdf" templatetype="PSET_TYPEDRIVENOVERRIDE" xsi:noNamespaceSchemaLocation="http://buildingSMART-tech.org/xml/psd/PSD_IFC4.xsd">
  <IfcVersion version="IFC4" />
  <Name>Pset_EnvironmentalImpactValues</Name>
  <Definition>The following properties capture environmental impact values of an element. They correspond to the indicators defined into Pset_EnvironmentalImpactIndicators. 
Environmental impact values are obtained multiplying indicator value per unit by the relevant quantity of the element.</Definition>
  <Applicability />
  <ApplicableClasses>
    <ClassName>IfcElement</ClassName>
  </ApplicableClasses>
  <ApplicableTypeValue>IfcElement</ApplicableTypeValue>
  <PropertyDefs>
    <PropertyDef ifdguid="04225b00d1e211e1800000215ad4efdf">
      <Name>TotalPrimaryEnergyConsumption</Name>
      <Definition>Quantity of energy used as defined in ISO21930:2007.</Definition>
      <PropertyType>
        <TypePropertySingleValue>
          <DataType type="IfcEnergyMeasure" />
        </TypePropertySingleValue>
      </PropertyType>
      <NameAliases>
        <NameAlias lang="en">Total Primary Energy Consumption</NameAlias>
        <NameAlias lang="fr-FR">ConsommationTotaleEnergiePrimaire</NameAlias>
        <NameAlias lang="ja-JP">主なエネルギー消費の総量</NameAlias>
        <NameAlias lang="ko-KR">모든 차 에너지 소비</NameAlias>
      </NameAliases>
      <DefinitionAliases>
        <DefinitionAlias lang="en" />
        <DefinitionAlias lang="fr-FR">Consommation d'énergie primaire utilisée, telle que définie dans les normes ISO21930:2007 [NDT : ou NF P01-010]</DefinitionAlias>
        <DefinitionAlias lang="ja-JP">ISO21930:2007.で定義されているエネルギー量。</DefinitionAlias>
        <DefinitionAlias lang="ko-KR">ISO21930 : 2007에서 정의된 에너지 사용량</DefinitionAlias>
      </DefinitionAliases>
    </PropertyDef>
    <PropertyDef ifdguid="097fa580d1e211e1800000215ad4efdf">
      <Name>WaterConsumption</Name>
      <Definition>Quantity of water used.</Definition>
      <PropertyType>
        <TypePropertySingleValue>
          <DataType type="IfcVolumeMeasure" />
        </TypePropertySingleValue>
      </PropertyType>
      <NameAliases>
        <NameAlias lang="en">Water Consumption</NameAlias>
        <NameAlias lang="fr-FR">ConsommationEau</NameAlias>
        <NameAlias lang="ja-JP">水消費量</NameAlias>
        <NameAlias lang="ko-KR">물 사용</NameAlias>
      </NameAliases>
      <DefinitionAliases>
        <DefinitionAlias lang="en" />
        <DefinitionAlias lang="fr-FR">Quantité d'eau utilisée [NDT : telle que définie dans la norme NF P01-010]</DefinitionAlias>
        <DefinitionAlias lang="ja-JP">水の消費量。</DefinitionAlias>
        <DefinitionAlias lang="ko-KR">사용 수량의 리터 수</DefinitionAlias>
      </DefinitionAliases>
    </PropertyDef>
    <PropertyDef ifdguid="0f758680d1e211e1800000215ad4efdf">
      <Name>HazardousWaste</Name>
      <Definition>Quantity of hazardous waste generated.</Definition>
      <PropertyType>
        <TypePropertySingleValue>
          <DataType type="IfcMassMeasure" />
        </TypePropertySingleValue>
      </PropertyType>
      <NameAliases>
        <NameAlias lang="en">Hazardous Waste</NameAlias>
        <NameAlias lang="fr-FR">DechetsDangereux</NameAlias>
        <NameAlias lang="ja-JP">有害廃棄物</NameAlias>
        <NameAlias lang="ko-KR">유해 폐기물</NameAlias>
      </NameAliases>
      <DefinitionAliases>
        <DefinitionAlias lang="en" />
        <DefinitionAlias lang="fr-FR">Quantité de déchets dangereux générés [NDT : tels que définis dans la norme NF P01-010]</DefinitionAlias>
        <DefinitionAlias lang="ja-JP">生成される有害廃棄物の量。</DefinitionAlias>
        <DefinitionAlias lang="ko-KR">유해 폐기물의 발생량</DefinitionAlias>
      </DefinitionAliases>
    </PropertyDef>
    <PropertyDef ifdguid="14d2d100d1e211e1800000215ad4efdf">
      <Name>NonHazardousWaste</Name>
      <Definition>Quantity of non hazardous waste generated.</Definition>
      <PropertyType>
        <TypePropertySingleValue>
          <DataType type="IfcMassMeasure" />
        </TypePropertySingleValue>
      </PropertyType>
      <NameAliases>
        <NameAlias lang="en">Non Hazardous Waste</NameAlias>
        <NameAlias lang="fr-FR">DechetsNonDangereux</NameAlias>
        <NameAlias lang="ja-JP">一般廃棄物</NameAlias>
        <NameAlias lang="ko-KR">비 유해 폐기물</NameAlias>
      </NameAliases>
      <DefinitionAliases>
        <DefinitionAlias lang="en" />
        <DefinitionAlias lang="fr-FR">Quantité de déchets non dangereux générés [NDT : tels que définis dans la norme NF P01-010]</DefinitionAlias>
        <DefinitionAlias lang="ja-JP">生成される一般廃棄物の量。</DefinitionAlias>
        <DefinitionAlias lang="ko-KR">비 유해 폐기물의 발생량</DefinitionAlias>
      </DefinitionAliases>
    </PropertyDef>
    <PropertyDef ifdguid="1a301b80d1e211e1800000215ad4efdf">
      <Name>ClimateChange</Name>
      <Definition>Quantity of greenhouse gases emitted calculated in equivalent CO2.</Definition>
      <PropertyType>
        <TypePropertySingleValue>
          <DataType type="IfcMassMeasure" />
        </TypePropertySingleValue>
      </PropertyType>
      <NameAliases>
        <NameAlias lang="en">Climate Change</NameAlias>
        <NameAlias lang="fr-FR">ChangementClimatique</NameAlias>
        <NameAlias lang="ja-JP">気候変化</NameAlias>
        <NameAlias lang="ko-KR">기후변화</NameAlias>
      </NameAliases>
      <DefinitionAliases>
        <DefinitionAlias lang="en" />
        <DefinitionAlias lang="fr-FR">Quantité d'émissions de gaz à effet de serre exprimée en Kg d'équivalent CO2, selon les normes PrEN15804:2008 [NDT : ou NF P01-010]</DefinitionAlias>
        <DefinitionAlias lang="ja-JP">算出されたCO2と等しい放出される温室効果ガスの量。</DefinitionAlias>
        <DefinitionAlias lang="ko-KR">CO2 등가 환산되는 온실 가스 발생량</DefinitionAlias>
      </DefinitionAliases>
    </PropertyDef>
    <PropertyDef ifdguid="1f8d6600d1e211e1800000215ad4efdf">
      <Name>AtmosphericAcidification</Name>
      <Definition>Quantity of gases responsible for the atmospheric acidification calculated in equivalent SO2.</Definition>
      <PropertyType>
        <TypePropertySingleValue>
          <DataType type="IfcMassMeasure" />
        </TypePropertySingleValue>
      </PropertyType>
      <NameAliases>
        <NameAlias lang="en">Atmospheric Acidification</NameAlias>
        <NameAlias lang="fr-FR">AcidificationAtmospherique</NameAlias>
        <NameAlias lang="ja-JP">大気の酸性化</NameAlias>
        <NameAlias lang="ko-KR">대기산성화</NameAlias>
      </NameAliases>
      <DefinitionAliases>
        <DefinitionAlias lang="en" />
        <DefinitionAlias lang="fr-FR">Quantité de gaz responsables de l'acidification atmosphérique exprimée en Kg d'équivalent SO2, selon les normes PrEN15804:2008 [NDT : ou NF P01-010]</DefinitionAlias>
        <DefinitionAlias lang="ja-JP">算出されたSO2と等しい大気中の酸性化の責任を負うガスの量。</DefinitionAlias>
        <DefinitionAlias lang="ko-KR">SO2에 해당 환산된 대기 산성 화의 원인이되는 가스량</DefinitionAlias>
      </DefinitionAliases>
    </PropertyDef>
    <PropertyDef ifdguid="25834700d1e211e1800000215ad4efdf">
      <Name>RenewableEnergyConsumption</Name>
      <Definition>Quantity of renewable energy used as defined in ISO21930:2007</Definition>
      <PropertyType>
        <TypePropertySingleValue>
          <DataType type="IfcEnergyMeasure" />
        </TypePropertySingleValue>
      </PropertyType>
      <NameAliases>
        <NameAlias lang="en">Renewable Energy Consumption</NameAlias>
        <NameAlias lang="fr-FR">ConsommationEnergieRenouvelable</NameAlias>
        <NameAlias lang="ja-JP">継続可能なエネルギー消費量</NameAlias>
        <NameAlias lang="ko-KR">재생 가능 에너지 소비</NameAlias>
      </NameAliases>
      <DefinitionAliases>
        <DefinitionAlias lang="en" />
        <DefinitionAlias lang="fr-FR">Consommation d'énergie renouvelable telle que définie dans les normes ISO21930:2007 [NDT : ou NF P01-010]</DefinitionAlias>
        <DefinitionAlias lang="ja-JP">ISO21930:2007 で定義されている継続可能なエネルギー消費量。</DefinitionAlias>
        <DefinitionAlias lang="ko-KR">ISO21930 : 2007에 정의된 재생 가능 에너지 사용량</DefinitionAlias>
      </DefinitionAliases>
    </PropertyDef>
    <PropertyDef ifdguid="2ae09180d1e211e1800000215ad4efdf">
      <Name>NonRenewableEnergyConsumption</Name>
      <Definition>Quantity of non-renewable energy used as defined in ISO21930:2007</Definition>
      <PropertyType>
        <TypePropertySingleValue>
          <DataType type="IfcEnergyMeasure" />
        </TypePropertySingleValue>
      </PropertyType>
      <NameAliases>
        <NameAlias lang="en">Non Renewable Energy Consumption</NameAlias>
        <NameAlias lang="fr-FR">ConsommationEnergieNonRenouvelable</NameAlias>
        <NameAlias lang="ja-JP">継続不可能なエネルギー消費量</NameAlias>
        <NameAlias lang="ko-KR">재생 불가 에너지 소비</NameAlias>
      </NameAliases>
      <DefinitionAliases>
        <DefinitionAlias lang="en" />
        <DefinitionAlias lang="fr-FR">Consommation d'énergie non renouvelable telle que définie dans les normes ISO21930:2007 [NDT : ou NF P01-010]</DefinitionAlias>
        <DefinitionAlias lang="ja-JP">ISO21930:2007 で定義されている継続不可能なエネルギー消費量。</DefinitionAlias>
        <DefinitionAlias lang="ko-KR">ISO21930 : 2007에 정의된 재생 불가 에너지 사용량</DefinitionAlias>
      </DefinitionAliases>
    </PropertyDef>
    <PropertyDef ifdguid="303ddc00d1e211e1800000215ad4efdf">
      <Name>ResourceDepletion</Name>
      <Definition>Quantity of resources used calculated in equivalent antimony.</Definition>
      <PropertyType>
        <TypePropertySingleValue>
          <DataType type="IfcMassMeasure" />
        </TypePropertySingleValue>
      </PropertyType>
      <NameAliases>
        <NameAlias lang="en">Resource Depletion</NameAlias>
        <NameAlias lang="fr-FR">EpuisementRessources</NameAlias>
        <NameAlias lang="ja-JP">資源の枯渇</NameAlias>
        <NameAlias lang="ko-KR">자원 소비</NameAlias>
      </NameAliases>
      <DefinitionAliases>
        <DefinitionAlias lang="en" />
        <DefinitionAlias lang="fr-FR">Quantité de ressources consommées exprimée en équivalent Antimoine [NDT : selon la norme NF P01-010]</DefinitionAlias>
        <DefinitionAlias lang="ja-JP">算出されたアンチモンと同等な資源の量。</DefinitionAlias>
        <DefinitionAlias lang="ko-KR">안티몬에 해당 환산된 사용 자원 량</DefinitionAlias>
      </DefinitionAliases>
    </PropertyDef>
    <PropertyDef ifdguid="359b2680d1e211e1800000215ad4efdf">
      <Name>InertWaste</Name>
      <Definition>Quantity of inert waste generated .</Definition>
      <PropertyType>
        <TypePropertySingleValue>
          <DataType type="IfcMassMeasure" />
        </TypePropertySingleValue>
      </PropertyType>
      <NameAliases>
        <NameAlias lang="en">Inert Waste</NameAlias>
        <NameAlias lang="fr-FR">DechetsInertes</NameAlias>
        <NameAlias lang="ja-JP">安定廃棄物</NameAlias>
        <NameAlias lang="ko-KR">불활성 폐기불</NameAlias>
      </NameAliases>
      <DefinitionAliases>
        <DefinitionAlias lang="en" />
        <DefinitionAlias lang="fr-FR">Quantité de déchets inertes générés  [NDT : selon la norme NF P01-010]</DefinitionAlias>
        <DefinitionAlias lang="ja-JP">生成される安定廃棄物の量。</DefinitionAlias>
        <DefinitionAlias lang="ko-KR">불활성 폐기물 발생량</DefinitionAlias>
      </DefinitionAliases>
    </PropertyDef>
    <PropertyDef ifdguid="3b910780d1e211e1800000215ad4efdf">
      <Name>RadioactiveWaste</Name>
      <Definition>Quantity of radioactive waste generated.</Definition>
      <PropertyType>
        <TypePropertySingleValue>
          <DataType type="IfcMassMeasure" />
        </TypePropertySingleValue>
      </PropertyType>
      <NameAliases>
        <NameAlias lang="en">Radioactive Waste</NameAlias>
        <NameAlias lang="fr-FR">DechetsRadioactifs</NameAlias>
        <NameAlias lang="ja-JP">放射性廃棄物</NameAlias>
        <NameAlias lang="ko-KR">방사성 폐기물</NameAlias>
      </NameAliases>
      <DefinitionAliases>
        <DefinitionAlias lang="en" />
        <DefinitionAlias lang="fr-FR">Quantité de déchets radioactifs générés [NDT : selon la norme NF P01-010]</DefinitionAlias>
        <DefinitionAlias lang="ja-JP">生成される放射性廃棄物の量。</DefinitionAlias>
        <DefinitionAlias lang="ko-KR">방사성 폐기물 발생량</DefinitionAlias>
      </DefinitionAliases>
    </PropertyDef>
    <PropertyDef ifdguid="40ee5200d1e211e1800000215ad4efdf">
      <Name>StratosphericOzoneLayerDestruction</Name>
      <Definition>Quantity of gases destroying the stratospheric ozone layer calculated in equivalent CFC-R11.</Definition>
      <PropertyType>
        <TypePropertySingleValue>
          <DataType type="IfcMassMeasure" />
        </TypePropertySingleValue>
      </PropertyType>
      <NameAliases>
        <NameAlias lang="en">Stratospheric Ozone Layer Destruction</NameAlias>
        <NameAlias lang="fr-FR">DestructionCoucheOzoneStartospherique</NameAlias>
        <NameAlias lang="ja-JP">大気オゾン層破壊</NameAlias>
        <NameAlias lang="ko-KR">성층권 오존층 파괴</NameAlias>
      </NameAliases>
      <DefinitionAliases>
        <DefinitionAlias lang="en" />
        <DefinitionAlias lang="fr-FR">Quantité de gaz destructeurs de la couche d'ozone exprimée en équivalent CFC-R11  [NDT : selon la norme NF P01-010]</DefinitionAlias>
        <DefinitionAlias lang="ja-JP">算出された CFC-R11と等しい大気オゾン層を破壊するガスの量。</DefinitionAlias>
        <DefinitionAlias lang="ko-KR">CFC-R11에 해당 환산된 성층권 오존층 파괴 가스량</DefinitionAlias>
      </DefinitionAliases>
    </PropertyDef>
    <PropertyDef ifdguid="46e43300d1e211e1800000215ad4efdf">
      <Name>PhotochemicalOzoneFormation</Name>
      <Definition>Quantity of gases creating the photochemical ozone calculated in equivalent ethylene.</Definition>
      <PropertyType>
        <TypePropertySingleValue>
          <DataType type="IfcMassMeasure" />
        </TypePropertySingleValue>
      </PropertyType>
      <NameAliases>
        <NameAlias lang="en">Photochemical Ozone Formation</NameAlias>
        <NameAlias lang="fr-FR">FormationOzonePhotochimique</NameAlias>
        <NameAlias lang="ja-JP">光化学オゾン生成</NameAlias>
        <NameAlias lang="ko-KR">광화학 오존 생성</NameAlias>
      </NameAliases>
      <DefinitionAliases>
        <DefinitionAlias lang="en" />
        <DefinitionAlias lang="fr-FR">Quantité de gaz producteurs d'ozone photochimique exprimée en équivalent ethylène  [NDT : selon la norme NF P01-010]</DefinitionAlias>
        <DefinitionAlias lang="ja-JP">算出された エチレンと等しい光化学オゾン層を生成するガスの量。</DefinitionAlias>
        <DefinitionAlias lang="ko-KR">에틸렌에 해당 환산된 광화학 오존 생성 끊 가스량</DefinitionAlias>
      </DefinitionAliases>
    </PropertyDef>
    <PropertyDef ifdguid="4cda1400d1e211e1800000215ad4efdf">
      <Name>Eutrophication</Name>
      <Definition>Quantity of eutrophicating compounds calculated in equivalent PO4.</Definition>
      <PropertyType>
        <TypePropertySingleValue>
          <DataType type="IfcMassMeasure" />
        </TypePropertySingleValue>
      </PropertyType>
      <NameAliases>
        <NameAlias lang="en">Eutrophication</NameAlias>
        <NameAlias lang="fr-FR">Eutrophisation</NameAlias>
        <NameAlias lang="ja-JP">富栄養化</NameAlias>
        <NameAlias lang="ko-KR">부영 양화</NameAlias>
      </NameAliases>
      <DefinitionAliases>
        <DefinitionAlias lang="en" />
        <DefinitionAlias lang="fr-FR">Quantité de composés responsables de l'eutrophisation exprimée en équivalent P04 [NDT : selon la norme PrEN15804:2008]</DefinitionAlias>
        <DefinitionAlias lang="ja-JP">算出されたPO4と等しい富栄養化を混合する量。</DefinitionAlias>
        <DefinitionAlias lang="ko-KR">PO4 (인산)에 상응하는 환산되는 부영 양화 성분 물량</DefinitionAlias>
      </DefinitionAliases>
    </PropertyDef>
    <PropertyDef ifdguid="b8fbc6f7870b486e80cd661b9dd0c27c">
      <Name>LeadInTime</Name>
      <Definition>Lead in time before start of process.</Definition>
      <PropertyType>
        <TypePropertySingleValue>
          <DataType type="IfcDuration" />
        </TypePropertySingleValue>
      </PropertyType>
      <NameAliases>
        <NameAlias lang="en">Lead In Time</NameAlias>
      </NameAliases>
      <DefinitionAliases>
        <DefinitionAlias lang="en">Lead in time before start of process.</DefinitionAlias>
      </DefinitionAliases>
    </PropertyDef>
    <PropertyDef ifdguid="b5b49d200bf249a49d558cef7acb75bd">
      <Name>Duration</Name>
      <Definition>Duration of process.</Definition>
      <PropertyType>
        <TypePropertySingleValue>
          <DataType type="IfcDuration" />
        </TypePropertySingleValue>
      </PropertyType>
      <NameAliases>
        <NameAlias lang="en">Duration</NameAlias>
      </NameAliases>
      <DefinitionAliases>
        <DefinitionAlias lang="en">Duration of process.</DefinitionAlias>
      </DefinitionAliases>
    </PropertyDef>
    <PropertyDef ifdguid="88eae355e7df464a849be613af48fa32">
      <Name>LeadOutTime</Name>
      <Definition>Lead out time after end of process.</Definition>
      <PropertyType>
        <TypePropertySingleValue>
          <DataType type="IfcDuration" />
        </TypePropertySingleValue>
      </PropertyType>
      <NameAliases>
        <NameAlias lang="en">Lead Out Time</NameAlias>
      </NameAliases>
      <DefinitionAliases>
        <DefinitionAlias lang="en">Lead out time after end of process.</DefinitionAlias>
      </DefinitionAliases>
    </PropertyDef>
  </PropertyDefs>
  <PsetDefinitionAliases>
    <PsetDefinitionAlias lang="en" />
    <PsetDefinitionAlias lang="fr-FR">Définition de l'IAI : les propriétés suivantes capturent les valeurs des impacts environnementaux d'un élément. Ils correspondent aux indicateurs définis dans Pset_EnvironmentalImpactIndicators.</PsetDefinitionAlias>
    <PsetDefinitionAlias lang="ja-JP">IAIによる定義：次のプロパティは、要素の環境への影響値を捕える。それらは Pset_EnvironmentalImpactIndicators に定義されている指標に対応。
環境に影響する値は、要素の適切な数量によって、単位あたりに割り増した値を取得。</PsetDefinitionAlias>
  </PsetDefinitionAliases>
</PropertySetDef>