<?xml version="1.0"?>
<PropertySetDef xmlns:xsd="http://www.w3.org/2001/XMLSchema" xmlns:xsi="http://www.w3.org/2001/XMLSchema-instance" ifdguid="f3661022f34f48e891c841acde090991" templatetype="" xsi:noNamespaceSchemaLocation="http://buildingSMART-tech.org/xml/psd/PSD_IFC4.xsd">
  <IfcVersion version="IFC4" />
  <Name>Pset_ElectricFlowStorageDevicePHistory</Name>
  <Definition>Electric flow storage device performance history common attributes.</Definition>
  <Applicability />
  <ApplicableClasses />
  <PropertyDefs>
    <PropertyDef ifdguid="a277fb1fcdca4fcc9c298634518b1066">
      <Name>Level</Name>
      <Definition>The fraction of usable energy stored.</Definition>
      <PropertyType>
        <TypePropertySingleValue>
          <DataType type="IfcNormalisedRatioMeasure" />
        </TypePropertySingleValue>
      </PropertyType>
      <NameAliases />
      <DefinitionAliases />
    </PropertyDef>
  </PropertyDefs>
  <PsetDefinitionAliases />
</PropertySetDef>