<?xml version="1.0"?>
<PropertySetDef xmlns:xsd="http://www.w3.org/2001/XMLSchema" xmlns:xsi="http://www.w3.org/2001/XMLSchema-instance" ifdguid="3e7cff80d1c411e1800000215ad4efdf" templatetype="PSET_PERFORMANCEDRIVEN" xsi:noNamespaceSchemaLocation="http://buildingSMART-tech.org/xml/psd/PSD_IFC4.xsd">
  <IfcVersion version="IFC4" />
  <Name>Pset_BoilerPHistory</Name>
  <Definition>Boiler performance history common attributes.
WaterQuality attribute deleted in IFC2x2 Pset Addendum: Use IfcWaterProperties instead. CombustionProductsMaximulLoad and CombustionProductsPartialLoad attributes deleted in IFC2x2 Pset Addendum: Use IfcProductsOfCombustionProperties instead.</Definition>
  <Applicability />
  <ApplicableClasses>
    <ClassName>IfcBoiler</ClassName>
  </ApplicableClasses>
  <ApplicableTypeValue>IfcBoiler</ApplicableTypeValue>
  <PropertyDefs>
    <PropertyDef ifdguid="43da4a00d1c411e1800000215ad4efdf">
      <Name>EnergySourceConsumption</Name>
      <Definition>Energy consumption.</Definition>
      <PropertyType>
        <TypePropertyReferenceValue reftype="IfcTimeSeries" />
      </PropertyType>
      <NameAliases>
        <NameAlias lang="en">Energy Source Consumption</NameAlias>
        <NameAlias lang="fr-FR">ConsommationSourceEnergie.</NameAlias>
        <NameAlias lang="ja-JP">エネルギ消費量</NameAlias>
      </NameAliases>
      <DefinitionAliases>
        <DefinitionAlias lang="en" />
        <DefinitionAlias lang="fr-FR">Consommation d'énergie.</DefinitionAlias>
        <DefinitionAlias lang="ja-JP">エネルギ消費量</DefinitionAlias>
      </DefinitionAliases>
    </PropertyDef>
    <PropertyDef ifdguid="476dd100d1c411e1800000215ad4efdf">
      <Name>OperationalEfficiency</Name>
      <Definition>Operational efficiency: boiler output divided by total energy input (electrical and fuel).</Definition>
      <PropertyType>
        <TypePropertyReferenceValue reftype="IfcTimeSeries" />
      </PropertyType>
      <NameAliases>
        <NameAlias lang="en">Operational Efficiency</NameAlias>
        <NameAlias lang="fr-FR">EfficacitéOpérationnelle</NameAlias>
        <NameAlias lang="ja-JP">運転効率</NameAlias>
      </NameAliases>
      <DefinitionAliases>
        <DefinitionAlias lang="en" />
        <DefinitionAlias lang="fr-FR">Efficacité opérationnelle: production de la chaudière divisée par l'apport total d'énergie (électrique et combustible).</DefinitionAlias>
        <DefinitionAlias lang="ja-JP">運転効率：
全入力エネルギ（電力または燃料）でボイラ出力を割る</DefinitionAlias>
      </DefinitionAliases>
    </PropertyDef>
    <PropertyDef ifdguid="4a68c180d1c411e1800000215ad4efdf">
      <Name>CombustionEfficiency</Name>
      <Definition>Combustion efficiency under nominal condition.</Definition>
      <PropertyType>
        <TypePropertyReferenceValue reftype="IfcTimeSeries" />
      </PropertyType>
      <NameAliases>
        <NameAlias lang="en">Combustion Efficiency</NameAlias>
        <NameAlias lang="fr-FR">EfficacitéCombustion</NameAlias>
        <NameAlias lang="ja-JP">燃焼効率</NameAlias>
      </NameAliases>
      <DefinitionAliases>
        <DefinitionAlias lang="en" />
        <DefinitionAlias lang="fr-FR">Efficacité de la combustion sous conditions nominales.</DefinitionAlias>
        <DefinitionAlias lang="ja-JP">設計条件での燃焼効率</DefinitionAlias>
      </DefinitionAliases>
    </PropertyDef>
    <PropertyDef ifdguid="4dfc4880d1c411e1800000215ad4efdf">
      <Name>WorkingPressure</Name>
      <Definition>Boiler working pressure.</Definition>
      <PropertyType>
        <TypePropertyReferenceValue reftype="IfcTimeSeries" />
      </PropertyType>
      <NameAliases>
        <NameAlias lang="en">Working Pressure</NameAlias>
        <NameAlias lang="fr-FR">PressionFonctionnement</NameAlias>
        <NameAlias lang="ja-JP">作動圧力</NameAlias>
      </NameAliases>
      <DefinitionAliases>
        <DefinitionAlias lang="en" />
        <DefinitionAlias lang="fr-FR">Pression de fonctionnement de la chaudière.</DefinitionAlias>
        <DefinitionAlias lang="ja-JP">ボイラ運転圧力</DefinitionAlias>
      </DefinitionAliases>
    </PropertyDef>
    <PropertyDef ifdguid="50f73900d1c411e1800000215ad4efdf">
      <Name>CombustionTemperature</Name>
      <Definition>Average combustion chamber temperature.</Definition>
      <PropertyType>
        <TypePropertyReferenceValue reftype="IfcTimeSeries" />
      </PropertyType>
      <NameAliases>
        <NameAlias lang="en">Combustion Temperature</NameAlias>
        <NameAlias lang="fr-FR">TempératureCombustion</NameAlias>
        <NameAlias lang="ja-JP">燃焼温度</NameAlias>
      </NameAliases>
      <DefinitionAliases>
        <DefinitionAlias lang="en" />
        <DefinitionAlias lang="fr-FR">Température de combustion moyenne au foyer.</DefinitionAlias>
        <DefinitionAlias lang="ja-JP">燃焼室平均温度</DefinitionAlias>
      </DefinitionAliases>
    </PropertyDef>
    <PropertyDef ifdguid="53f22980d1c411e1800000215ad4efdf">
      <Name>PartLoadRatio</Name>
      <Definition>Ratio of the real to the nominal capacity.</Definition>
      <PropertyType>
        <TypePropertyReferenceValue reftype="IfcTimeSeries" />
      </PropertyType>
      <NameAliases>
        <NameAlias lang="en">Part Load Ratio</NameAlias>
        <NameAlias lang="fr-FR">Taux de charge</NameAlias>
        <NameAlias lang="ja-JP">部分負荷比</NameAlias>
      </NameAliases>
      <DefinitionAliases>
        <DefinitionAlias lang="en" />
        <DefinitionAlias lang="fr-FR">Ratio entre capacité effective et capacité nominale</DefinitionAlias>
        <DefinitionAlias lang="ja-JP">設計容量との比</DefinitionAlias>
      </DefinitionAliases>
    </PropertyDef>
    <PropertyDef ifdguid="56548380d1c411e1800000215ad4efdf">
      <Name>Load</Name>
      <Definition>Boiler real load.</Definition>
      <PropertyType>
        <TypePropertyReferenceValue reftype="IfcTimeSeries" />
      </PropertyType>
      <NameAliases>
        <NameAlias lang="en">Load</NameAlias>
        <NameAlias lang="fr-FR">Charge</NameAlias>
        <NameAlias lang="ja-JP">負荷</NameAlias>
      </NameAliases>
      <DefinitionAliases>
        <DefinitionAlias lang="en" />
        <DefinitionAlias lang="fr-FR">Charge effective de la chaudière.</DefinitionAlias>
        <DefinitionAlias lang="ja-JP">ボイラ実負荷</DefinitionAlias>
      </DefinitionAliases>
    </PropertyDef>
    <PropertyDef ifdguid="594f7400d1c411e1800000215ad4efdf">
      <Name>PrimaryEnergyConsumption</Name>
      <Definition>Boiler primary energy source consumption (i.e., the fuel consumed for changing the thermodynamic state of the fluid).</Definition>
      <PropertyType>
        <TypePropertyReferenceValue reftype="IfcTimeSeries" />
      </PropertyType>
      <NameAliases>
        <NameAlias lang="en">Primary Energy Consumption</NameAlias>
        <NameAlias lang="fr-FR">ConsommationEnergiePrimaire</NameAlias>
        <NameAlias lang="ja-JP">一次エネルギ消費量</NameAlias>
      </NameAliases>
      <DefinitionAliases>
        <DefinitionAlias lang="en" />
        <DefinitionAlias lang="fr-FR">Consommation d'énergie primaire de la chaudière(c'est-à-dire le combustible consommé pour le changement d'état thermodynamique du fluide).</DefinitionAlias>
        <DefinitionAlias lang="ja-JP">ボイラ一次エネルギ消費量（つまり流体の熱力学状態変更のために消費された燃料）</DefinitionAlias>
      </DefinitionAliases>
    </PropertyDef>
    <PropertyDef ifdguid="5bb1ce00d1c411e1800000215ad4efdf">
      <Name>AuxiliaryEnergyConsumption</Name>
      <Definition>Boiler secondary energy source consumption (i.e., the electricity consumed by electrical devices such as fans and pumps).</Definition>
      <PropertyType>
        <TypePropertyReferenceValue reftype="IfcTimeSeries" />
      </PropertyType>
      <NameAliases>
        <NameAlias lang="en">Auxiliary Energy Consumption</NameAlias>
        <NameAlias lang="fr-FR">ConsommationEnergieAuxiliaire</NameAlias>
        <NameAlias lang="ja-JP">補助エネルギ消費量</NameAlias>
      </NameAliases>
      <DefinitionAliases>
        <DefinitionAlias lang="en" />
        <DefinitionAlias lang="fr-FR">Consommation d'énergie secondaire de la chaudière(c'est-à-dire l'électricité consommée pour les équipements électriques tels que ventilateurs et circulateurs).</DefinitionAlias>
        <DefinitionAlias lang="ja-JP">ボイラ補助エネルギ消費量（つまりファンおよびポンプのような電気装置によって消費される電気）</DefinitionAlias>
      </DefinitionAliases>
    </PropertyDef>
  </PropertyDefs>
  <PsetDefinitionAliases>
    <PsetDefinitionAlias lang="en" />
    <PsetDefinitionAlias lang="ja-JP">ボイラ性能履歴共通属性：
WaterQuality（水質属性）はIFC2ｘ２Psetの付録で削除された：代わりにIfcWaterPropertiesを使う。
CombustionProductsMaximulLoad と CombustionProductsPartialLoadはIFC2ｘ２Psetの付録で削除された：代わりにIfcProductsOfCombustionPropertiesを使う</PsetDefinitionAlias>
  </PsetDefinitionAliases>
</PropertySetDef>