<?xml version="1.0"?>
<PropertySetDef xmlns:xsd="http://www.w3.org/2001/XMLSchema" xmlns:xsi="http://www.w3.org/2001/XMLSchema-instance" ifdguid="1e6c3100d20211e1800000215ad4efdf" templatetype="PSET_TYPEDRIVENOVERRIDE" xsi:noNamespaceSchemaLocation="http://buildingSMART-tech.org/xml/psd/PSD_IFC4.xsd">
  <IfcVersion version="IFC4" />
  <Name>Pset_SanitaryTerminalTypeBidet</Name>
  <Definition>Waste water appliance for washing the excretory organs while sitting astride the bowl (BS6100). HISTORY: In IFC4, Material property removed. Use materials capabilities from IfcMaterialsResource schema. Datatype of color changed to IfcLabel (still a string value). BidetMounting changed to Mounting.</Definition>
  <Applicability />
  <ApplicableClasses>
    <ClassName>IfcSanitaryTerminal/BIDET</ClassName>
  </ApplicableClasses>
  <ApplicableTypeValue>IfcSanitaryTerminal/BIDET</ApplicableTypeValue>
  <PropertyDefs>
    <PropertyDef ifdguid="23c97b80d20211e1800000215ad4efdf">
      <Name>Mounting</Name>
      <Definition>The property enumeration Pset_SanitaryMountingEnum defines the forms of mounting or fixing of the sanitary terminal that may be specified within property sets used to define sanitary terminals (WC’s, basins, sinks, etc.) where:-

BackToWall: 	A pedestal mounted sanitary terminal that fits flush to the wall at the rear to cover its service connections
.
Pedestal: 	A floor mounted sanitary terminal that has an integral base
.
CounterTop: 	A sanitary terminal that is installed into a horizontal surface that is installed into a horizontal surface. Note: When applied to a wash hand basin, the term more normally used is ‘vanity’. See also Wash Hand Basin Type specification.
WallHung: 	A sanitary terminal cantilevered clear of the floor.

Note that BackToWall, Pedestal and WallHung are allowable values for a bidet.</Definition>
      <PropertyType>
        <TypePropertyEnumeratedValue>
          <EnumList name="PEnum_SanitaryMounting">
            <EnumItem>BACKTOWALL</EnumItem>
            <EnumItem>PEDESTAL</EnumItem>
            <EnumItem>COUNTERTOP</EnumItem>
            <EnumItem>WALLHUNG</EnumItem>
            <EnumItem>OTHER</EnumItem>
            <EnumItem>NOTKNOWN</EnumItem>
            <EnumItem>UNSET</EnumItem>
          </EnumList>
          <ConstantList>
            <ConstantDef>
              <Name>BACKTOWALL</Name>
              <NameAliases>
                <NameAlias lang="en">Back To Wall</NameAlias>
              </NameAliases>
              <DefinitionAliases>
                <DefinitionAlias lang="en" />
              </DefinitionAliases>
            </ConstantDef>
            <ConstantDef>
              <Name>PEDESTAL</Name>
              <NameAliases>
                <NameAlias lang="en">Pedestal</NameAlias>
              </NameAliases>
              <DefinitionAliases>
                <DefinitionAlias lang="en" />
              </DefinitionAliases>
            </ConstantDef>
            <ConstantDef>
              <Name>COUNTERTOP</Name>
              <NameAliases>
                <NameAlias lang="en">Countertop</NameAlias>
              </NameAliases>
              <DefinitionAliases>
                <DefinitionAlias lang="en" />
              </DefinitionAliases>
            </ConstantDef>
            <ConstantDef>
              <Name>WALLHUNG</Name>
              <NameAliases>
                <NameAlias lang="en">Wall Hung</NameAlias>
              </NameAliases>
              <DefinitionAliases>
                <DefinitionAlias lang="en" />
              </DefinitionAliases>
            </ConstantDef>
            <ConstantDef>
              <Name>OTHER</Name>
              <NameAliases>
                <NameAlias lang="en">(other)</NameAlias>
              </NameAliases>
              <DefinitionAliases>
                <DefinitionAlias lang="en">Value is not listed.</DefinitionAlias>
              </DefinitionAliases>
            </ConstantDef>
            <ConstantDef>
              <Name>NOTKNOWN</Name>
              <NameAliases>
                <NameAlias lang="en">(unknown)</NameAlias>
              </NameAliases>
              <DefinitionAliases>
                <DefinitionAlias lang="en">Value is unknown.</DefinitionAlias>
              </DefinitionAliases>
            </ConstantDef>
            <ConstantDef>
              <Name>UNSET</Name>
              <NameAliases>
                <NameAlias lang="en">(unset)</NameAlias>
              </NameAliases>
              <DefinitionAliases>
                <DefinitionAlias lang="en">Value has not been specified.</DefinitionAlias>
              </DefinitionAliases>
            </ConstantDef>
          </ConstantList>
        </TypePropertyEnumeratedValue>
      </PropertyType>
      <NameAliases>
        <NameAlias lang="en">Mounting</NameAlias>
        <NameAlias lang="ja-JP">装着</NameAlias>
      </NameAliases>
      <DefinitionAliases>
        <DefinitionAlias lang="en" />
        <DefinitionAlias lang="ja-JP">列挙するプロパティはPset_SanitaryMountingEnumでは（トイレの、洗面台、シンクなど）、衛生配管への装着法で定義される：

床置き壁排水：台座は、カバーの背面の壁にあるフラッシュバルブに接続される。

床置き：床の衛生配管に装着される。

カウンター：水平面に設置された衛生配管に接続します。注：手洗器があると、通常は'化粧'が使用される。手洗器を参照。

壁掛け：衛生配管は壁から出され床には何もなくなる。。

床置き壁排水、床置き、壁掛けは、ビデの許容値であることに注意。</DefinitionAlias>
      </DefinitionAliases>
    </PropertyDef>
    <PropertyDef ifdguid="53788380d20211e1800000215ad4efdf">
      <Name>SpilloverLevel</Name>
      <Definition>The level at which water spills out of the object.</Definition>
      <PropertyType>
        <TypePropertySingleValue>
          <DataType type="IfcPositiveLengthMeasure" />
        </TypePropertySingleValue>
      </PropertyType>
      <NameAliases>
        <NameAlias lang="en">Spillover Level</NameAlias>
        <NameAlias lang="ja-JP">流出レベル</NameAlias>
      </NameAliases>
      <DefinitionAliases>
        <DefinitionAlias lang="en" />
        <DefinitionAlias lang="ja-JP">水がこぼれるレベル。</DefinitionAlias>
      </DefinitionAliases>
    </PropertyDef>
    <PropertyDef ifdguid="5bd0be80d20211e1800000215ad4efdf">
      <Name>DrainSize</Name>
      <Definition>The size of the drain outlet connection from the object.</Definition>
      <PropertyType>
        <TypePropertySingleValue>
          <DataType type="IfcPositiveLengthMeasure" />
        </TypePropertySingleValue>
      </PropertyType>
      <NameAliases>
        <NameAlias lang="en">Drain Size</NameAlias>
        <NameAlias lang="ja-JP">ドレインサイズ</NameAlias>
      </NameAliases>
      <DefinitionAliases>
        <DefinitionAlias lang="en" />
        <DefinitionAlias lang="ja-JP">排水口の接続のサイズ。</DefinitionAlias>
      </DefinitionAliases>
    </PropertyDef>
  </PropertyDefs>
  <PsetDefinitionAliases>
    <PsetDefinitionAlias lang="en" />
    <PsetDefinitionAlias lang="ja-JP">ボウル（BS6100）にまたがって座って排泄器官を洗浄するための排水器具を設定します。履歴：IFC4では、材料のプロパティが削除されます。 
使用材料の機能は IfcMaterialsResourceスキーマを使用。
色のデータ型は、IfcLabel（まだ文字列値）に変更。BidetMountingをMountingに変更。</PsetDefinitionAlias>
  </PsetDefinitionAliases>
</PropertySetDef>