<?xml version="1.0"?>
<PropertySetDef xmlns:xsd="http://www.w3.org/2001/XMLSchema" xmlns:xsi="http://www.w3.org/2001/XMLSchema-instance" ifdguid="5c506180d1d011e1800000215ad4efdf" templatetype="PSET_TYPEDRIVENOVERRIDE" xsi:noNamespaceSchemaLocation="http://buildingSMART-tech.org/xml/psd/PSD_IFC4.xsd">
  <IfcVersion version="IFC4" />
  <Name>Pset_CoveringFlooring</Name>
  <Definition>Properties common to the definition of all occurrence and type objects of covering with the predefined type set to FLOORING.</Definition>
  <Applicability />
  <ApplicableClasses>
    <ClassName>IfcCovering/FLOORING</ClassName>
    <ClassName />
  </ApplicableClasses>
  <ApplicableTypeValue>IfcCovering/FLOORING,</ApplicableTypeValue>
  <PropertyDefs>
    <PropertyDef ifdguid="62ded900d1d011e1800000215ad4efdf">
      <Name>HasNonSkidSurface</Name>
      <Definition>Indication whether the surface finish is designed to prevent slippery (TRUE) or not (FALSE).</Definition>
      <PropertyType>
        <TypePropertySingleValue>
          <DataType type="IfcBoolean" />
        </TypePropertySingleValue>
      </PropertyType>
      <NameAliases>
        <NameAlias lang="de-DE">Nichtrutschende Oberfläche</NameAlias>
        <NameAlias lang="en">Has Non Skid Surface</NameAlias>
        <NameAlias lang="fr-FR">Anti dérapant</NameAlias>
        <NameAlias lang="zh-CN">表面是否防滑</NameAlias>
      </NameAliases>
      <DefinitionAliases>
        <DefinitionAlias lang="de-DE">Angabe, ob der Bodenbelag eine nichtrutschende Oberfläche hat (JA), oder nicht (NEIN).</DefinitionAlias>
        <DefinitionAlias lang="en" />
        <DefinitionAlias lang="fr-FR">Indique si la finition est conçue pour être anti dérapante (VRAI) ou non (FAUX).</DefinitionAlias>
        <DefinitionAlias lang="zh-CN">表示表面处理是否设计为防滑的。</DefinitionAlias>
      </DefinitionAliases>
    </PropertyDef>
    <PropertyDef ifdguid="683c2380d1d011e1800000215ad4efdf">
      <Name>HasAntiStaticSurface</Name>
      <Definition>Indication whether the surface finish is designed to prevent electrostatic charge (TRUE) or not (FALSE).</Definition>
      <PropertyType>
        <TypePropertySingleValue>
          <DataType type="IfcBoolean" />
        </TypePropertySingleValue>
      </PropertyType>
      <NameAliases>
        <NameAlias lang="de-DE">Antistatische Oberfläche</NameAlias>
        <NameAlias lang="en">Has Anti Static Surface</NameAlias>
        <NameAlias lang="fr-FR">Anti statique</NameAlias>
        <NameAlias lang="zh-CN">表面是否防静电</NameAlias>
      </NameAliases>
      <DefinitionAliases>
        <DefinitionAlias lang="de-DE">Angabe, ob der Bodenbelag eine antistatische Oberfläche hat (JA), oder nicht (NEIN).</DefinitionAlias>
        <DefinitionAlias lang="en" />
        <DefinitionAlias lang="fr-FR">Indique si la finition est conçue pour être anti statique (VRAI) ou non (FAUX).</DefinitionAlias>
        <DefinitionAlias lang="zh-CN">表示表面处理是否设计为防静电的。</DefinitionAlias>
      </DefinitionAliases>
    </PropertyDef>
  </PropertyDefs>
  <PsetDefinitionAliases>
    <PsetDefinitionAlias lang="en" />
    <PsetDefinitionAlias lang="zh-CN">所有PredefinedType设置为FLOORING的IfcCovering实例的定义中通用的属性。</PsetDefinitionAlias>
  </PsetDefinitionAliases>
</PropertySetDef>