<?xml version="1.0"?>
<QtoSetDef xmlns:xsd="http://www.w3.org/2001/XMLSchema" xmlns:xsi="http://www.w3.org/2001/XMLSchema-instance" xmlns="http://www.buildingsmart-tech.org/xml/qto/QTO_IFC4.xsd">
  <IfcVersion version="IFC4" />
  <Name>Qto_LaborResourceBaseQuantities</Name>
  <Definition>Base quantities that are common to the definition of all occurrences of labour resources.</Definition>
  <Applicability />
  <ApplicableClasses>
    <ClassName>IfcLaborResource</ClassName>
  </ApplicableClasses>
  <ApplicableTypeValue>IfcLaborResource</ApplicableTypeValue>
  <QtoDefs>
    <QtoDef>
      <Name>StandardWork</Name>
      <Definition>Work that is performed at regular times, up to a particular limit after which overtime rates may apply.</Definition>
      <QtoType>Q_TIME</QtoType>
      <NameAliases>
        <NameAlias lang="en">Standard Work</NameAlias>
      </NameAliases>
      <DefinitionAliases>
        <DefinitionAlias lang="en" />
      </DefinitionAliases>
    </QtoDef>
    <QtoDef>
      <Name>OvertimeWork</Name>
      <Definition>Work that is performed after exceeding a particular limit such as hours per day and/or hours per week, after which company or municipal policy requires a different rate to apply.  Note: Policies for when overtime takes effect are the responsibility of the user or application; they are not modelled in IFC.</Definition>
      <QtoType>Q_TIME</QtoType>
      <NameAliases>
        <NameAlias lang="en">Overtime Work</NameAlias>
      </NameAliases>
      <DefinitionAliases>
        <DefinitionAlias lang="en" />
      </DefinitionAliases>
    </QtoDef>
  </QtoDefs>
  <QtoDefinitionAliases>
    <QtoDefinitionAlias lang="en" />
  </QtoDefinitionAliases>
</QtoSetDef>