<?xml version="1.0"?>
<QtoSetDef xmlns:xsd="http://www.w3.org/2001/XMLSchema" xmlns:xsi="http://www.w3.org/2001/XMLSchema-instance" xmlns="http://www.buildingsmart-tech.org/xml/qto/QTO_IFC4.xsd">
  <IfcVersion version="IFC4" />
  <Name>Qto_UnitaryControlElementBaseQuantities</Name>
  <Definition>Base quantities that are common to the definition of all occurrences of unitary control element.</Definition>
  <Applicability />
  <ApplicableClasses>
    <ClassName>IfcUnitaryControlElement</ClassName>
  </ApplicableClasses>
  <ApplicableTypeValue>IfcUnitaryControlElement</ApplicableTypeValue>
  <QtoDefs>
    <QtoDef>
      <Name>GrossWeight</Name>
      <Definition>Weight of the element.</Definition>
      <QtoType>Q_WEIGHT</QtoType>
      <NameAliases>
        <NameAlias lang="en">Gross Weight</NameAlias>
      </NameAliases>
      <DefinitionAliases>
        <DefinitionAlias lang="en" />
      </DefinitionAliases>
    </QtoDef>
  </QtoDefs>
  <QtoDefinitionAliases>
    <QtoDefinitionAlias lang="en" />
  </QtoDefinitionAliases>
</QtoSetDef>